x,y
0.0,0.0
0.040582125796937873,-0.9989012155644025
0.16206101595401634,-1.9912184161794295
0.3636359718472253,-2.9704109838324375
0.6439783610729357,-3.930024808343871
1.0012403748059668,-4.863734828068228
1.4330672071830222,-5.765386720002937
1.9366125764340811,-6.62903746451489
2.5085574854579527,-7.448994517312118
3.145132098186208,-8.219853330468013
3.8421405875427617,-8.93653297518742
4.594988791219814,-9.594309631515753
5.398714492983778,-10.18884772425184
5.547949200282093,-10.288553150526356
6.387432558504379,-10.831922366552092
7.234720656460247,-11.363039390115595
8.08963468764324,-11.88179213752332
8.951994236216521,-12.388071134363102
9.821617315086762,-12.88176953860689
10.698320404309506,-13.36278316315812
11.581918489818182,-13.831010497838626
12.472225102468286,-14.28635273081084
13.369052357388714,-14.728713769430321
14.272210993631834,-15.158000260524652
15.103416756074093,-15.53900912400622
16.026668021395864,-15.922836736161985
16.970723886105144,-16.252192256958985
17.93237361227964,-16.525955546901162
18.908346625201037,-16.743195535900828
19.895323636593233,-16.90317338985186
20.889947933535545,-17.00534502340762
21.888836794657344,-17.049362950417436
22.88859299478748,-17.035077465728477
23.88581635893123,-16.96253715433358
24.877115326279597,-16.831988726133506
25.85911848492172,-16.643876176875526
26.828486038030817,-16.39883927812204
27.781921162527077,-16.097711401384846
28.716181221586655,-15.74151668382514
29.628088792863018,-15.331466545158792
30.514542474913547,-14.868955567612845
31.37252743507874,-14.35555675294556
32.0259213502237,-13.91680079214021
32.84583742677534,-13.34432368473577
33.671179186438465,-12.779696913455695
34.5018714682231,-12.222971896887003
35.33783862388594,-11.674199334031528
36.17900452481931,-11.133429199688933
37.02529256898403,-10.60071073990568
37.876625687885166,-10.07609246749034
38.732926353590486,-9.559622157595768
39.29125441100351,-9.228834210533236
40.16683449599614,-8.746028573344509
41.06792186442929,-8.31268884173991
41.99172467965067,-7.930157631083901
42.935380725798275,-7.599620136832499
43.89596627579626,-7.322100462445292
44.87050514993102,-7.0984584464083404
45.85597793694102,-6.929386998198829
46.84933134905087,-6.815409951445435
47.84748768196493,-6.756880440935966
48.847354350510486,-6.753979808500748
49.8458334703864,-6.806717041161718
50.83983145632996,-6.914928743287959
51.826268606964085,-7.078279642843942
52.80208864662808,-7.2962636301620165
53.76426819462857,-7.568205326020671
54.70982613257208,-7.893262174170239
55.63583284075638,-8.2704270518227
55.70505060753035,-8.301066514934956
56.61839278840165,-8.708259297325185
57.531291481347864,-9.116445379653442
58.443745606111804,-9.52562427890257
59.35575408296245,-9.935795510880098
60.267315832696,-10.346958590219856
61.17842977663736,-10.759113030381627
62.08909483664138,-11.17225834365206
62.999309935094004,-11.586394041145354
63.90907399491368,-12.001519632804047
64.81838593955246,-12.417634627398797
65.72724469299754,-12.834738532529968
66.63564917977243,-13.252830854627291
66.64432254900817,-13.256828537607362
67.56560731955888,-13.645253037044215
68.51043913761936,-13.972257709475635
69.4747283740605,-14.236427141271209
70.45430117987043,-14.436617896125519
71.4449175523268,-14.571963464330928
72.44228968751031,-14.641878013395726
73.4421005397218,-14.646058923773301
74.44002250747005,-14.584488098726712
75.4317361651495,-14.457432042658962
76.41294895932934,-14.265440707569967
77.37941378872844,-14.009345112633197
78.3269473874544,-13.690253747195502
79.00306394840814,-13.418866471395605
79.9230161960555,-13.026839472980043
80.8451827681248,-12.640049971059199
81.76953384664644,-12.258510472351503
82.69603954301544,-11.88223331381812
83.62466989895802,-11.511230662263984
84.55539488750011,-11.145514513944647
85.48818441393837,-10.785096694178122
86.42300831681331,-10.42998885696258
87.35983636888443,-10.080202484599653
88.29863827810777,-9.735748887323012
88.86922913916342,-9.529347384478882
89.81347572690612,-9.200158037723874
90.76406283218327,-8.889752819079746
91.72061681864714,-8.598253735958082
92.68276170461661,-8.325775364553081
93.65011931085992,-8.072424804806431
94.62230940924127,-7.838301638310718
95.59894987217272,-7.62349788916805
96.57965682281271,-7.428097987819228
97.56404478595206,-7.252178737857612
98.55172683952836,-7.095809285840829
99.54231476670888,-6.959051094112112
100.5354192084826,-6.841957916642038
101.53064981670099,-6.744575777900039
102.52761540750774,-6.666942954764124
103.52592411509687,-6.609089961475782
104.52518354573894,-6.571039537646151
105.29633917572774,-6.555227811815236
106.29626031830072,-6.542670776919522
107.29618875628405,-6.530708778672988
108.29612413558124,-6.519341821310945
109.29606610209329,-6.508569908859499
110.29601430171891,-6.498393045132843
111.29596838035462,-6.48881123373485
112.29592798389481,-6.479824478058617
113.29589275823196,-6.471432781286239
114.29586234925667,-6.463636146390172
115.29583640285789,-6.456434576130732
116.29581456492294,-6.44982807305837
117.29579648133772,-6.443816639512534
118.29578179798678,-6.43840027762235
119.29577016075346,-6.433578989305261
120.29576121552007,-6.429352776268843
121.2957546081679,-6.425721640009897
122.29574998457744,-6.422685581813994
123.29574699062852,-6.420244602756611
124.29574527220029,-6.418398703701769
125.29574447517157,-6.417147885303393
126.29574424542076,-6.416492148004409
127.29574422882611,-6.416431492036963
128.29574407126577,-6.416965917422431
129.29574341861797,-6.418095423971863
130.29574191676107,-6.419820011284855
131.29573921157376,-6.422139678751137
132.29573494893515,-6.4250544255489785
133.2957287747249,-6.4285642506461045
134.29572033482336,-6.432669152799917
135.29570927511168,-6.437369130556817
136.2956952414719,-6.442664182251974
137.29567787978715,-6.448554306010919
138.29565683594174,-6.455039499747272
139.2956317558213,-6.462119761164786
140.2956022853128,-6.469795087755983
141.2955680703049,-6.478065476803067
142.29552875668784,-6.4869309253774645
143.2954839903537,-6.496391430339145
144.29543341719645,-6.506446988338439
145.29537668311218,-6.517097595814448
146.29531343399915,-6.52834324899527
147.2952433157579,-6.540183943898683
148.2951659742914,-6.5526196763316875
149.2950810555052,-6.5656504418905115
150.2949882053075,-6.579276235960833
151.2948870696094,-6.5934970537173285
152.29477729432477,-6.608312890123898
153.29465852537072,-6.623723739933894
154.2945304086674,-6.639729597690575
155.29439259013841,-6.656330457725289
156.29424471571065,-6.673526314159972
157.29408643131464,-6.691317160904418
158.29391738288462,-6.7097029916590145
159.29373721635858,-6.728683799912687
160.29354557767846,-6.748259578944044
161.2933421127903,-6.768430321820688
161.81936542510616,-6.779281722011547
162.81898045781693,-6.8067561453338215
163.8181379809153,-6.847613232774734
164.81665883777066,-6.901845658344158
165.81436398591143,-6.969443697750975
166.811074529129,-7.050395230146677
167.806611749555,-7.144685740298726
168.8007971397069,-7.252298321193237
169.79345243449572,-7.373213677066573
170.78439964319037,-7.507410126865182
171.77346108133273,-7.65486360813324
172.7604594025978,-7.815547681327118
173.74521763059337,-7.9894335345563405
174.7275591905932,-8.176489988749665
175.70730794119814,-8.376683503245772
176.68428820591978,-8.589978181807396
177.6583248046805,-8.81633577905771
178.6292430852246,-9.055715707338123
179.59686895443488,-9.308075043985895
180.5610289095488,-9.573368539030469
181.5215500692689,-9.851548623307238
182.47826020476168,-10.142565416986969
183.43098777053967,-10.4463667385197
184.37956193522072,-10.762898113991255
185.3238126121595,-11.092102786890862
186.26357048994524,-11.433921728287999
187.1986670627607,-11.78829364741678
187.39391438476605,-11.86409990224405
188.3244719606952,-12.230241083773791
189.25273091140747,-12.60217130216654
190.1786552234714,-12.979876127738152
191.1022089740319,-13.363340906768514
192.02335633220392,-13.75255076207003
192.9420615604627,-14.147490593564811
193.8582890160301,-14.548145078870533
194.77200315225764,-14.954498673894818
195.68316852000527,-15.366535613438344
196.5917497690171,-15.784239911806594
197.49771164929243,-16.20759536342979
198.1321815327386,-16.508190649799133
199.04948149047257,-16.905857750607787
199.99272725861618,-17.237317788023333
200.95714724603482,-17.500894007344698
201.93786274771082,-17.695253057292845
202.92991262461615,-17.819411735026083
203.9282784005937,-17.87274195986177
204.92790964928955,-17.854973950543922
205.9237495427112,-17.766197589983868
206.91076043217006,-17.606861970570165
207.88394933220158,-17.37777312234789
208.8383931785477,-17.080089935559776
209.7692637324297,-16.715318298175816
210.67185200512756,-16.285303478067725
211.5415920793103,-15.792220788364553
212.37408420661168,-15.238564583210533
212.72786536468746,-14.976188099751468
213.5220330471497,-14.368489524694155
214.31697071171544,-13.761798519775766
215.1126770800691,-13.156116060598038
215.90915087265893,-12.551443121141006
216.7063908086991,-11.94778067376103
217.50439560617184,-11.34512968918989
218.30316398182947,-10.743491136532498
219.1026946511961,-10.142865983266233
219.90298632857042,-9.543255195238316
220.70403772702724,-8.94465973666513
221.50584755841953,-8.347080570129947
222.30841453338087,-7.750518656582358
223.11173736132707,-7.1549749553356605
223.91581475045865,-6.560450424065948
224.72064540776267,-5.966946018810404
225.526228039015,-5.374462693965938
226.33256134878206,-4.783001402287255
227.13964404042326,-4.192563094885713
227.94747481609312,-3.6031487212275124
228.7560523767428,-3.014759229132437
229.56537542212288,-2.427395564772155
230.37544265078503,-1.8410586726685096
231.1862527600843,-1.2557494956924984
231.99780444618096,-0.6714689750625666
232.810096404043,-0.0882180503424479
233.623127327448,0.49400234055906367
234.4368959089848,1.075191261390728
235.2514008400567,1.6553477775601095
236.0666408108824,2.234470956134601
236.88261451049885,2.812559865843582
237.69932062676287,3.3896135770793308
238.51675784635376,3.965631161899182
239.33492485477507,4.540611694026211
239.3879399971251,4.577815528364454
240.2226918526326,5.1281879246706215
241.08790552700725,5.629312392806225
241.9806789044838,6.079508051779236
242.89801742802942,6.477264846954574
243.8368441437424,6.8212486151073914
244.794010021628,7.110305559498114
245.76630451813338,7.3434661199588955
246.7504663450123,7.519948225010316
247.74319440839875,7.63915991510005
248.74115888139718,7.700701328164607
249.7410123730498,7.704366040854053
250.73940115621735,7.650141760921068
251.73297641671297,7.538210368451823
252.71840548595685,7.3689473058004165
253.69238301947516,7.142920318273157
254.65164208374765,6.860887549786733
255.5929651142168,6.523794999887807
256.51319470770267,6.132773350663777
257.01394753941804,5.8928277114558245
257.90878426986956,5.446434148585013
258.8037963072693,5.0003921774127775
259.69898351347274,4.554701866785308
260.5943457503088,4.109363285494965
261.4898828795788,3.664376502279083
262.3855947630568,3.219741585821339
263.28148126249107,2.7754586047508383
264.17754223960173,2.3315276276416625
265.07377755608286,1.8879487230146879
265.97018707360075,1.4447219593362206
266.86677065379536,1.0018474050175428
267.76352815828,0.5593251284162761
268.66045944864027,0.11715519783547279
269.55756438643607,-0.3246623184768396
270.45484283319956,-0.7661273523258387
271.35229465043653,-1.2072398355717269
272.2499196996264,-1.6479997001297306
273.1477178422208,-2.088406877968282
274.0456889396453,-2.5284613011108377
274.9438328532992,-2.9681629016358784
275.8421494445545,-3.4075116116750905
276.7406385747563,-3.8465073634160944
277.63930010522404,-4.285150089099716
278.53813389724974,-4.723439721021805
279.43713981209885,-5.161376191532781
280.3363177110109,-5.598959433037635
281.23566745519815,-6.03618937799547
282.1351889058469,-6.473065958920415
283.03488192411646,-6.909589108380715
283.9347463711399,-7.345758758999182
284.834782108024,-7.7815748434536545
285.73498899584865,-8.21703729447654
286.1910287022197,-8.437473588592184
287.102858925006,-8.847737156733551
288.03576084564594,-9.207521198898899
288.98694233945787,-9.5157489010288
289.9535565719923,-9.771497754383947
290.93271051945254,-9.974002316563624
291.9214736273576,-10.12265650243313
292.91688658153214,-10.217015398103655
293.9159701651727,-10.256796592535274
294.9157341754819,-10.241881022777878
295.91318637318193,-10.172313330320076
296.90534143812465,-10.04830172747965
297.8892299041919,-9.87021737423542
298.86190704674607,-9.63859326736564
299.8204616960308,-9.354122645217615
300.0578704424344,-9.274736673189459
301.0098645797315,-8.968809114427856
301.9725856692938,-8.698526646683419
302.94469957217126,-8.464263827417899
303.9248591328528,-8.266345298061793
304.9117060461541,-8.105045334126242
305.9038727395572,-7.980587465111967
306.89998426839236,-7.893144164742125
307.8986602212368,-7.842836611948179
308.8985166328888,-7.829734522940129
309.89816790226655,-7.853856054593791
310.89622871257467,-7.915167779289003
311.8913159510758,-8.0135847312336
312.88205062580886,-8.148970524209052
313.8670597765956,-8.321137540574448
314.84497837768964,-8.52984719126708
315.8144512294285,-8.774810246439152
316.7741348362699,-9.05568723627253
317.28194643228613,-9.220189031497853
318.2392258137129,-9.50882174838782
319.21225911602033,-9.738819252645461
320.1974583689374,-9.909333449754639
321.19119074137575,-10.019735584390565
322.18979193715836,-10.069618558896861
323.1895797067727,-10.05879843442053
324.1868674253249,-9.987315109169424
325.17797768662825,-9.855432171291325
326.15925586329786,-9.663635926917019
327.12708358285124,-9.41263360695144
328.0778920701222,-9.10335075922515
328.33128006177674,-9.009978429000261
329.274595605236,-8.678351488603127
330.2322762560634,-8.390830336059608
331.2022610253355,-8.148033734952431
332.1824624448932,-7.950484198819975
333.17077105970407,-7.798606866674309
334.1650599675422,-7.692728588075347
335.16318939621544,-7.6330772197300405
336.1630113084895,-7.619781135130442
337.1623740247991,-7.652868948285889
338.15912685379743,-7.732269452143857
339.1511247207792,-7.857811771831994
340.13623278401604,-8.029225732391605
341.1123310290702,-8.246142440211116
342.0773188311985,-8.508095076908319
343.02911947602905,-8.814519903952831
343.3307798604618,-8.92193791916203
344.2776395941117,-9.243327082677709
345.2378831344839,-9.522193883868344
346.2096018949612,-9.757984045175814
347.19086448070044,-9.950228908465562
348.1797205274862,-10.098546366534684
349.1742045782882,-10.202641622590825
350.17233998981675,-10.262307776192298
351.1721428613128,-10.277426234484818
352.17162597776246,-10.247966947917451
353.168802759699,-10.173988469969316
354.16169121174215,-10.055637840768313
355.14831786202524,-9.893150294833116
356.1267216846816,-9.686848793519477
357.094957997593,-9.437143383100008
358.0511023276527,-9.144530379753416
358.99325423586197,-8.809591383083085
359.91954109465513,-8.432992120125714
360.828121809947,-8.01548112214774
361.71719048050426,-7.557888236859458
362.5849799873668,-7.0611229790040575
363.4297655061857,-6.5261727225999095
364.2498679354955,-5.954100738429219
365.0436572341083,-5.346044080673764
365.8095556609942,-4.703211326898241
366.5460409112104,-4.0268801758732415
367.2516491416451,-3.3183949080124506
367.9249778805615,-2.5791637134717256
368.5646888151608,-1.810655893220721
369.1695104516216,-1.0143989386502454
369.73824064232946,-0.19197549551995863
370.1536357977267,0.46264906645896176
370.70879677386614,1.2940619587915219
371.3295396396301,2.0777260459921845
372.01177708453713,2.808481255163999
372.75101688416817,3.48151589439618
373.5423914794291,4.092398335574931
374.3806900272214,4.637106194646375
375.26039271148284,5.112052817192815
376.1757070886745,5.514110894926771
377.12060622839726,5.840633057598922
378.088868397997,6.0894693047315425
379.0741180298546,6.258981162397371
380.0698677016101,6.348052471827954
381.06956085289886,6.3560967388133385
381.47348668915794,6.336308596328795
382.47244091725395,6.2922737160635975
383.4723642021002,6.290843704462606
384.47144029417234,6.3320211589829825
385.4678544827775,6.415731285354674
386.45979689227477,6.541822033435935
387.4454657695129,6.7100643733954755
388.42307075651485,6.920152711719716
389.390836142464,7.171705446289437
390.3470040890857,7.464265659517629
390.4952832384171,7.513661995585213
391.4474165139011,7.81923291618914
392.40792632280807,8.097355674689926
393.3760215657777,8.347801202384371
394.3509048959007,8.5703632262132
395.33177337543344,8.764858438652578
396.3178191371166,8.931126648690697
397.308230049555,9.069030913764987
398.3021903861083,9.17845765255137
399.29888149674395,9.259316738512606
399.8251315336517,9.29042027460758
400.8238312804057,9.341398132784889
401.82257856121703,9.391436071021417
402.8213724914861,9.440534044997548
403.8202121865721,9.48869201122693
404.81909676179373,9.535909927055627
405.81802533242984,9.58218775066257
406.81699701372037,9.627525441058651
407.8160109208671,9.671922958088317
408.8150661690343,9.71538026242797
409.81416187334975,9.757897315587115
410.8132971489053,9.799474079907895
411.8124711107579,9.84011051856578
412.81168287392995,9.879806595568425
413.81093155341074,9.918562275756585
414.81021626415657,9.956377524804111
415.8095361210919,9.99325230921795
416.8088902391102,10.029186596337468
417.8082777330745,10.064180354335349
418.8076977178181,10.098233552217152
419.80714930814577,10.131346159822215
420.80663161883416,10.163518147821833
421.8061437646328,10.19474948772131
422.8056848602647,10.225040151858593
423.8052540204273,10.25439011340518
424.8048503597931,10.28279934636521
425.8044729930106,10.310267825576602
426.804121034705,10.336795526710375
427.80379359947904,10.362382426270187
428.80348980191354,10.387028501594159
429.80320875656867,10.410733730852598
430.80294957798424,10.43349809304982
431.80271138068076,10.455321568023237
432.80249327916016,10.47620413644313
433.8022943879066,10.496145779814242
434.80211382138714,10.515146480473732
435.80195069405266,10.533206221592536
436.80180412033866,10.550324987175145
437.80167321466587,10.566502762058917
438.8015570914412,10.581739531915673
439.8014548650584,10.596035283249421
440.8013656498991,10.60939000339863
441.80128856033315,10.621803680534867
442.80122271071974,10.633276303663251
443.8011672154083,10.643807862622452
444.8011211887388,10.653398348084238
445.80108374504306,10.66204775155461
446.80105399864516,10.669756065372667
447.80103106386235,10.676523282710832
448.80101405500596,10.682349397575308
449.80100208638197,10.687234404806077
450.8009942722919,10.691178300076444
451.80098972703377,10.694181079893042
452.80098756490236,10.696242741596734
453.80098690019065,10.697363283361028
454.8009868471902,10.697542704193438
455.800986520192,10.696781003935484
456.8009850334872,10.69507818326133
457.80098150136814,10.6924342436796
458.8009750381289,10.68884918753156
459.8009647580662,10.684323017992938
460.80094977548003,10.67885573907256
461.8009292046746,10.672447355612803
462.80090215995915,10.665097873289596
463.80086775564854,10.65680729861242
464.8008251060642,10.647575638924309
465.80077332553486,10.637402902401618
466.80071152839736,10.62628909805494
467.8006388289973,10.614234235727508
468.80055434169014,10.601238326096563
469.4891046273976,10.591742015194995
470.48587012350146,10.51890371545108
471.46719359609955,10.329559810714718
472.41950534593104,10.026328540451168
473.3296368466042,9.613402973774583
474.18500283841956,9.09649302786657
474.9737753568057,8.48274651148413
475.68504728891094,7.780650285364043
476.3089831966959,6.999912906273397
476.8369553209527,6.151330377499343
477.2616628855924,5.2466368621746025
477.5772330524664,4.298342423768515
477.77414953402746,3.3543995107239857
477.97028196732987,2.3742233097706453
478.26058884246487,1.4177008403232052
478.6423308970734,0.49385760684056734
479.1119061095345,-0.3885892392360244
479.66488368673123,-1.2213131523225327
480.0774279227753,-1.7450599109626816
480.74373378817097,-2.4905400567373928
481.4532515232024,-3.1950176913580943
482.20346267926544,-3.8559922561663917
482.99170436557444,-4.471117607594648
483.81517870115096,-5.038210344853512
484.67096274596315,-5.555257559960424
485.5560188759648,-6.020423982600192
486.46720556520773,-6.432058494456834
487.4012885367565,-6.788699989893868
488.35495224282454,-7.089082562180504
489.324811633383,-7.332139996855066
489.3940880593872,-7.347170174090891
490.3723589057003,-7.554495349182417
491.35173347340924,-7.756542455317941
492.3321832859417,-7.95330561771857
493.31367983546124,-8.144779115242812
494.2961945836961,-8.330957380553059
495.2796989627691,-8.51183500027733
496.2641643760283,-8.687406715166674
497.24956219887855,-8.85766742024822
498.23586377961357,-9.022612164973452
499.22304044024924,-9.182236153362226
500.21106347735724,-9.336534744142284
501.19990416289994,-9.485503450884039
502.18953374506543,-9.629137942131223
503.1799234491036,-9.767434041526656
504.17104447816297,-9.900387727933804
505.16286801412764,-10.027995135553567
506.15536521845553,-10.150252554036854
507.14850723301674,-10.267156428592301
508.14226518093284,-10.378703360089787
509.13661016741617,-10.484890105159053
510.13151328061014,-10.585713576284292
511.1269455924301,-10.681170841893675
512.1228781594042,-10.771259126444704
513.1192820235149,-10.855975810504873
513.5309246468638,-10.889395636323144
514.5295710701165,-10.880496028733159
515.5109345301001,-10.695294405900738
516.4441376729844,-10.339617901473401
517.2998184480988,-9.82465742455273
518.0510539475338,-9.16661555196454
518.674207501216,-8.38619673477462
519.1496723746862,-7.507955859053933
519.4624886700775,-6.559525657600792
519.6028140202847,-5.570747281128093
519.5662332665348,-4.57273138438804
519.3538973757461,-3.596879268965983
519.1224149318122,-2.9842218863122723
518.7030340987399,-2.076444108124633
518.2596050069196,-1.1801676896871314
517.7924427757372,-0.296029562765586
517.3018793903466,0.5753419668552802
516.7882634657475,1.4333276658724152
516.2519599990446,2.277317813517655
515.6933501100657,3.106712634851032
515.1128307705212,3.9209227269860563
514.5108145219,4.719369477944255
513.8877291822996,5.501485477841197
513.244017542401,6.266714922111856
512.8265495980149,6.741621136404049
512.2080019988558,7.526549165519386
511.6915413107877,8.382108339975941
511.28513670441487,9.295097079904004
510.9950591461772,10.25142764697973
510.8257846351264,11.236343523197087
510.77992513668136,12.234647109146206
510.8581882790805,13.230934228333396
511.0593664344285,14.209831819058431
511.38012922103377,15.155683616199807
511.7255943458365,16.093881810560262
512.0021880458174,17.054640848762386
512.2084569410393,18.032912358732986
512.3389868532954,18.980661859933928
512.3593803798858,19.979339962873294
512.216928320443,20.968016482255578
511.9154310261161,21.92031540104679
511.46293187369713,22.81083118769937
510.8715026835622,23.615806567617113
510.1569216663673,24.3137663222463
509.338252490271,24.88609020723375
508.43733569837366,25.31750970528038
507.4782060443925,25.596515361264927
507.3541156626742,25.620507915305463
506.37100591655127,25.803514481754405
505.3891583693487,25.993176207829094
504.408618072622,26.189484391001457
503.4294300179441,26.392430023774324
502.4516391348413,26.602003794094713
501.47529028873106,26.818196085780926
500.5004282788639,27.04099697896399
499.5270978362677,27.270396250542774
498.55534362169516,27.506383374652984
497.5852102235745,27.748947523150207
496.61674215596366,27.998077566106787
495.6499838565079,28.253762072322388
494.6849796844005,28.515989309848692
493.72177391834765,28.78474724652756
492.76041075453657,29.06002355054315
491.80093430460767,29.34180559098789
490.8433885936305,29.63008043844181
489.8878175580836,29.92483486556594
488.9342650438388,30.226055347709348
487.98277480414885,30.533728063529395
487.03339049764026,30.847838895626268
486.08615568630995,31.16837343119053
485.14111383352633,31.495316962664475
484.1983083020351,31.8286544884171
483.2577823519695,32.168370713432296
482.31957913886544,32.51445005001068
481.3837417116812,32.86687661848492
480.45031301082224,33.22563424794828
479.9858923164868,33.40684211252224
479.0511188399494,33.7620339948883
478.109042875534,34.09737800185294
477.16008579606984,34.41272414036
476.20467205217955,34.707931362023075
475.2432289824301,34.982867626213846
474.2761866221922,35.23740995912136
473.30397751129385,35.47144450875587
472.3270365005531,35.68486659587272
471.3458005572778,35.87758076079338
470.36070856981814,36.04950080610275
469.3722011512602,36.20054983520368
468.38072044234804,36.33066028671133
467.38670991372254,36.43977396467212
466.3906141675653,36.52784206459368
465.3928787387362,36.59482519527418
464.39394989549464,36.640693396421305
463.39427443989155,36.66542615205285
462.3942995079235,36.669012399673214
461.39447236953737,36.65145053522139
460.3952402285746,36.6127484137885
459.3970500227456,36.55292334610425
458.4003482237227,36.472002090794284
457.405580637442,36.37002084241148
456.4131922047026,36.24702521524683
455.4236268021533,36.103070222927045
454.43732704375435,35.93822025380795
453.45473408280503,35.75254904217485
452.476287414624,35.546139635262506
451.62559207034303,35.3490025512351
450.654336538757,35.11097131933526
449.68471593774285,34.866365380966315
448.71677477282685,34.61519596352586
447.7505574724491,34.35747459567479
446.7861083859244,34.09321310680805
445.8234717814068,33.82242362651179
444.86269184385736,33.54511858400657
443.9038126730164,33.26131070757684
442.94687828137893,32.971013023986714
441.991932592175,32.67423885788206
441.0390194373531,32.37100183117893
440.0881825555687,32.06131586243826
439.13946559017637,31.74519516622705
438.19291208722666,31.42265425246582
437.24856549346725,31.093707925762814
436.30646915434903,30.758371284734196
435.36666631203616,30.416659721311262
434.42920010342146,30.068588920033832
433.83605514112855,29.84461725107751
432.888796516409,29.524885847260983
431.9201590716352,29.277360953009623
430.93563838794455,29.103446905051484
429.9408201603023,29.0041304077171
428.94134850696594,28.97997493485555
427.94289394748336,29.031117532955943
426.95112123090297,29.157268043611793
425.97165719672296,29.357710749739724
425.0100588509212,29.631308436212603
424.0717818381863,29.976508841869034
423.1621494892244,30.391353466293662
422.2863226187508,30.873488681402833
421.4492702455195,31.420179084793833
420.8819123115229,31.84519934826733
420.09174815384324,32.45806769901325
419.28954730110866,33.05509433434826
418.47562730856464,33.63604291827351
417.6503103705373,34.20068347936771
416.81392319289097,34.74879250182255
415.96679686370004,35.28015301392246
415.1092667221861,35.79455467393401
414.24167222597214,36.29179385337075
413.36435681670685,36.77167371760055
412.477667784111,37.23400430376358
412.18948202022773,37.37947701155268
411.2857320077852,37.807347719461774
410.36397052498603,38.194895389438535
409.4259956312876,38.54136404093248
408.47363701328453,38.846077825313415
407.5087524155797,39.108442344234234
406.5332240169239,39.32794580911044
405.5489547586918,39.504160039454646
404.5578646328568,39.63674129811868
403.5618869367059,39.72543096181391
402.5629645015997,39.77005602560191
401.5630459031353,39.7705294403713
400.5640816601032,39.726850282642495
399.94350298919227,39.67739069157682
398.9475362088831,39.58769016591785
397.95097271829735,39.50488182687849
396.9538602114593,39.428969637540746
395.95624640866833,39.359957230947515
394.958179054215,39.29784790992835
393.9597059140963,39.24264464694156
392.96087477372936,39.19435008393202
391.9617334356649,39.15296653220463
390.96232971729887,39.11849597231364
389.96271144858474,39.09094005396804
388.9629264697438,39.07030009595252
387.9630226289758,39.056577086064294
387.26273688771323,39.05108525888741
386.2627492030562,39.046129579730405
385.2627573497809,39.042101974409434
384.26276218921873,39.03900244639408
383.26276458270405,39.03683099835371
382.26276539157334,39.035587632158695
381.2627654771643,39.035272348880426
380.26276570081535,39.03588514879016
379.26276692386483,39.037426031360155
378.26277000765015,39.03989499526301
377.2627758135071,39.04329203837233
376.26278520276924,39.04761715776203
375.2627990367669,39.05287034970661
374.2628181768267,39.059051609681546
373.2628434842706,39.066160932362436
372.26287582041533,39.07419831162588
371.26291604657143,39.083163740549026
370.26296502404284,39.09305721140936
369.26302361412587,39.10387871568537
368.2630926781084,39.115628244056325
367.2631730772696,39.1283057864016
366.2632656728785,39.141911331801566
365.26337132619403,39.15644486853739
364.2634908984636,39.17190638409056
363.26362525092264,39.1882958651438
362.26377524479403,39.20561329758016
361.26394174128694,39.22385866648301
360.2641256015965,39.24303195613743
359.26432768690285,39.26313315002858
358.2645488583704,39.28416223084241
357.2647899771471,39.306119180465885
356.26505190436376,39.32900397998674
355.2653355011332,39.352816609693036
354.2656416285498,39.37755704907431
353.2659711476882,39.403225276820876
352.2663249196032,39.42982127082337
351.26670380532846,39.45734500817366
350.2671086658761,39.48579646516441
349.267540362236,39.51517561728974
348.26799975537466,39.54548243924387
347.26848770623496,39.57671690492248
346.2690050757351,39.60887898742203
345.2695527247679,39.64196865904
344.27013151420016,39.67598589127533
343.2707423048718,39.71093065482751
342.27138595759527,39.74680291959726
341.27206333315456,39.78360265468632
340.2727752923048,39.821329828397666
339.2735226957712,39.85998440823528
338.2743064042484,39.899566360905055
337.27512727839996,39.940075652313226
336.2759861788573,39.98151224756725
335.27688396621903,40.023876110976744
334.27782150105037,40.06716720605141
333.2787996438823,40.11138549550378
332.2798192552107,40.156530941246274
331.280881195496,40.20260350439389
330.2819863251618,40.2496031452622
329.28313550459484,40.29752982336845
328.28432959414374,40.34638349743227
327.2855694541184,40.39616412537339
326.2868559447894,40.4468716643139
325.28818992638713,40.49850607057783
324.2895722591011,40.5510672996902
323.2910038030791,40.60455530637819
322.29248541842657,40.658970044570424
321.2940179652058,40.714311467397465
320.29560230343526,40.77057952719133
319.2972392930888,40.82777417548641
318.29892979409493,40.88589536301879
317.30067466633596,40.94494303972647
316.30247476964746,41.004917154749364
315.3043309638175,41.06581765642932
314.3062441085857,41.12764449231054
313.3082150636426,41.19039760913893
312.31024468862915,41.25407695286344
311.3123338431356,41.318682468633824
310.314483386701,41.38421410080355
309.3166941788122,41.450671792927096
308.31896707890365,41.51805548776247
307.32130294635596,41.58636512726889
306.3237026404957,41.65560065260934
305.32616702059437,41.72576200414801
304.3286969458678,41.7968491214524
303.33129327547545,41.86886194329236
302.3339568685193,41.94180040764104
301.3366885840437,42.01566445167282
300.3394892810342,42.0904540117665
299.3423598184169,42.16616902350256
298.34530105505786,42.242809421665015
297.348313849762,42.32037514024023
296.35139906127296,42.39886611241809
295.3545575482717,42.47828227059131
294.3577901693762,42.55862354635542
293.3610977831405,42.639889870509705
292.3644812480543,42.72208117305627
291.36794142254155,42.80519738320072
290.37147916496053,42.88923842935128
289.3750953336024,42.974204239121036
288.378790786691,43.06009473932477
287.38256638238175,43.14690985598236
286.386422978761,43.234649514316516
285.3903614338455,43.323313638753234
284.3943826055813,43.41290215292315
284.1827877786833,43.43205517335582
283.1923802472011,43.567687266676884
282.2184994071762,43.79320722718535
281.2692857192386,44.10672998200128
280.3526734565958,44.505634861801184
279.4763243841479,44.986587506429586
278.6475637154419,45.545567736098974
278.39025392693566,45.74278242123519
277.5730683319656,46.318275426122
276.69744601126854,46.80021945481971
275.7740508445083,47.18274508965224
274.81412851913205,47.46119369270946
274.11146037699064,47.59460041975169
273.1169335100326,47.695493151442186
272.1173268877919,47.70253823354797
271.1214767327458,47.615673389658035
270.1381860613292,47.435666478917156
269.1761468679119,47.16410870838155
268.3273896159523,46.839893569045294
267.3900351703744,46.49286485314006
266.4212015604491,46.24705248041128
265.431784513393,46.10522091374742
264.43291124252517,46.068965223803794
263.4358153080482,46.13869315046849
262.45171028182784,46.313620517325106
261.4916636369663,46.59178005068239
260.56647228043545,46.97004350398993
259.68654112856024,47.44415683882353
258.86176609091893,48.008788066786806
258.7493379773649,48.09620840028244
257.93915216962733,48.68186650097881
257.0821119803073,49.19653004919348
256.18442231968504,49.6364729172827
255.25258239733455,49.998509950035626
254.29333866830643,50.28002002497237
253.31363598927098,50.47896502908523
252.32056733824783,50.59390461463251
251.32132246194732,50.624006627154166
250.32313582251336,50.56905313021119
249.33323422052996,50.42944198322997
248.41242092499866,50.220763919442874
247.44117336015455,49.98306376548217
246.46001068819123,49.790338555521544
245.47101437705118,49.642997142606156
244.47628251319412,49.5413521012319
243.47792535065346,49.48561906424049
242.47806083428006,49.47591626536945
241.47881010667047,49.51226428842753
240.48229300831127,49.594586023627635
239.49062358048602,49.72270683116975
238.50590558048435,49.89635491172716
237.54125358325172,50.112424196375
236.5700760261804,50.35077719523315
235.59774227609213,50.5843688857168
234.62427567569415,50.81319366001648
233.64969959488985,51.03724602476149
232.67403743021782,51.25652060115189
231.69731260429015,51.4710121250875
230.71954856523007,51.6807154472944
229.74076878610913,51.88562553344849
228.76099676438363,52.08573746429633
227.78025602133056,52.28104643577322
226.7985701014828,52.47154775911861
225.81596257206405,52.65723686098866
224.832457022423,52.8381092835659
223.848077063467,53.014160684666365
222.86284632709518,53.18538683784391
221.8767884656313,53.35178363249139
220.88992715125573,53.51334707393974
219.9022860754373,53.67007328355348
218.91388894836444,53.8219584988241
217.92475949837603,53.96899907346031
216.9349214713918,54.11119147747553
215.9443986303421,54.24853229727265
214.95321475459764,54.38101823572603
213.96139363939847,54.50864611226069
212.96895909528274,54.631412862928414
211.97593494751519,54.74931554048166
210.98234503551507,54.86235131444408
209.98821321228385,54.97051747117851
208.99356334383268,55.0738114139522
207.99841930860924,55.172230662999056
207.00280499692477,55.26577285557917
206.46645471029962,55.31412652643286
205.46759298058768,55.35162804932288
204.47011257238145,55.287099338294894
203.48440836008615,55.12121285552575
202.52075249682204,54.85569732585026
201.58918736696683,54.493319721492554
200.69942093314864,54.03785642708492
199.86072556829174,53.494053885467345
199.08184142699986,52.86757913438299
198.37088536325666,52.16496074953318
197.73526634362372,51.39352080943217
197.55440023788427,51.14138049992147
197.06068805643727,50.273283296304186
196.8426769721412,49.71872689809624
196.48091425105312,48.78688561622867
196.0297413005734,47.894897157941756
195.49348491645458,47.05131578578286
194.87728785347102,46.26423153328377
194.1870595058628,45.541192620693536
193.4294192356275,44.88913306675735
192.61163289214676,44.314306190752006
192.38253472076096,44.17368049623187
191.51011842862323,43.68516366736097
190.61269778065676,43.24426111635803
189.69286904606147,42.85224838966377
188.75329332141254,42.51025959375387
187.79668883201538,42.21928411412949
186.82582306798503,41.98016375299052
185.84350477780097,41.793590293872455
184.85257584249973,41.660103500292585
183.85590305401428,41.5800895541953
182.85636982144484,41.55377993871426
181.85686782925612,41.58125076848366
181.60007748639302,41.59701026250946
180.6052027334678,41.69648279046541
179.61854477245743,41.85827471177439
178.64400339321034,42.08174653988967
177.68543049448766,42.36601499691646
176.74661485923863,42.70995650478946
175.83126717934286,43.11221162624281
174.9430053890095,43.5711904380193
174.08534036480322,44.08507881508113
173.26166204881838,44.65184560098375
172.47522604984948,45.269250636071575
171.72914077551746,45.93485361176421
171.02635514621198,46.64602371593598
170.36964693941127,47.39995003126566
170.10740985707446,47.72965960160474
169.494203629526,48.5195820136251
168.87870163786494,49.307716895975545
168.26090909280873,50.09405757646286
168.0188138654512,50.400921810040586
167.37536635535324,51.16620817575887
166.68631723149423,51.89070746817721
165.95424647366028,52.571706972824614
165.18189514586538,53.20665684979049
164.372155133092,53.79317968099091
163.5280583133191,54.329079371842454
162.6527652053792,54.81234937401362
161.74955313515127,55.241180198465564
160.82180396439682,55.613966190651375
159.87299142818677,55.92931154250586
158.90666812833067,56.18603551871528
157.92645223150802,56.38317687769859
156.93601392190794,56.519997470746816
155.93906165910127,56.595985005844526
154.93932829260012,56.61085496582486
154.08047216308663,56.574732219808695
153.08298530221867,56.50389587500774
152.08587331585142,56.427964906413365
151.0891622243991,56.34694129550337
150.09287803781436,56.26082715665203
149.09704675490934,56.169624737074884
148.1016943626774,56.07333641677013
147.10684683561482,55.97196470845654
146.11253013504302,55.865512257507845
145.11877020843113,55.75398184188367
144.1255929887188,55.63737637205716
143.13302439363954,55.51569889093889
142.14109032504422,55.388952573797525
141.14981666822533,55.257140728177035
140.15922929124142,55.120266793810174
139.16935404424194,54.97833434252897
138.18021675879285,54.83134707817132
137.19184324720234,54.67930883648441
136.20425930184743,54.52222358502462
135.21749069450073,54.36009542305408
134.23156317565793,54.19292858143339
133.24650247386592,54.02072742251164
132.2623342950513,53.84349644001222
131.27908432184964,53.66124025891571
130.29677821293512,53.4739636353392
129.31544160235117,53.28167145641211
128.33510009884128,53.084368740148676
127.35577928518092,52.88206063531706
126.37750471750985,52.67475242130487
125.4003019246652,52.46244950798149
124.42419640751535,52.245157435556905
123.44921363829437,52.02288187443705
122.47537905993738,51.795628625075864
121.50271808541652,51.563403617824065
120.53125609707789,51.32621291277411
119.56101844597904,51.08406269960227
118.59203045122757,50.83695929740705
117.62431739932022,50.584909154544306
116.65790454348318,50.32791884845892
115.692817103013,50.06599508551315
114.72908026261845,49.79914470081178
113.76671917176336,49.52737465802343
112.80575894401034,49.25069204919919
111.84622465636528,48.96910409458735
110.88814134862318,48.682618142444994
109.93153402271452,48.391241668846305
109.5923364752448,48.28664008435106
108.65204422520358,47.94732235216785
107.74714546014322,47.52253503614516
106.88538960894103,47.015915956579136
106.4546347932864,46.71998698271102
105.62141137844031,46.16754924759916
104.74605487748889,45.684641692817294
103.83435427574086,45.27445792546955
102.89233891253821,44.93971060925404
101.9262386074941,44.682613524834544
100.9424424608969,44.50486692946966
99.94745660074499,44.40764631272063
98.94786115584361,44.391594622599435
97.95026673951307,44.45681801356795
96.96127073169387,44.60288514450778
95.98741364856816,44.82883003130368
95.8322795780062,44.87263532438595
94.86261834659697,45.11622014157273
93.87806843950703,45.29011076038558
92.88363245914432,45.39342362416359
91.88436324010276,45.42563378929813
90.8853381751741,45.386577592526926
89.8916334165772,45.276453482524445
88.90829808349069,45.095821011563174
87.94032860694332,44.845597992369186
86.99264334241852,44.52705583461846
86.07005757916895,44.14181308476956
85.17725907322156,43.6918272020576
84.3187842283925,43.17938461243641
83.49899504633859,42.607089091005996
83.40649171534479,42.536878720950504
82.57001127598677,41.9905867267505
81.66142103818106,41.575137273603985
80.70103826927274,41.299820355236115
79.71033838541496,41.170792418417236
78.71147473314562,41.190938696752404
77.7267832115533,41.35980869308029
76.9836597302624,41.592114558129204
76.05310863372821,41.95819341345591
75.13279525443795,42.3492974347566
74.22339244669313,42.765140680276
73.3255650879201,43.2054191210574
72.43996959256854,43.66981086322269
71.56725343219753,44.15797638331349
70.70805466209966,44.66955877652165
70.07904747435859,45.06444471032087
69.20445523162309,45.54781662622254
68.27403673341252,45.91234566254632
67.30385571326305,46.15173820269177
66.31066240713784,46.26186111948778
65.31160435955607,46.24081313389162
64.32393037016475,46.088957640690396
63.364692692134575,45.808916434467385
62.450452623942915,45.405524444154636
61.59699457752029,44.885746257682726
61.481163310257664,44.802677260633985
60.67259181599386,44.21428100974933
59.86115422370019,43.6298436365401
59.046869916411914,43.0493791016242
58.22975834516459,42.47290127071926
57.40983902852944,41.90042391431152
56.58713155214698,41.33196070732666
55.76165556825942,40.767525228803265
54.93343079524093,40.20713096156851
54.102477017126894,39.650791291915965
53.268814083141116,39.09851950928598
52.4324619072218,38.550328805948055
51.59344046754578,38.00623227668592
50.75176980605142,37.46624291848457
49.90747002795967,36.93037363021989
49.060561301293994,36.39863721235042
48.76136307313025,36.21215984136285
47.88212169130213,35.73709077511309
46.95152445118963,35.372749174521786
45.983452654585776,35.12456975989066
44.99234659444092,34.99625451227534
43.99299015548709,34.98971745269375
43.00029028965795,35.10505609153275
42.029054655770324,35.34054997402941
41.093770740316785,35.69268634352332
40.810194075662494,35.826309292253804
39.91569509029545,36.27337337264008
39.02478066715215,36.727538780206004
38.13750718175396,37.188776776151315
37.25393077923006,37.65705817413462
36.3741073707646,38.13235334212027
35.498092630058764,38.61463220425334
34.625941989807856,39.10386424276291
33.757710638193586,39.600018499893025
32.89345351539187,40.1030635798618
32.03322531009631,40.61296765084798
31.177080456057595,41.12969844700524
30.603885308424097,41.48087560494426
29.716688119313595,41.940253985407786
28.771075491832534,42.262688641658066
27.788046729788697,42.4410192385769
26.789432040421314,42.47128557272147
25.797407749045327,42.35281551691478
24.834003827420734,42.088239946233685
23.920614672208348,41.68343431393187
23.07752399769838,41.14738817472631
22.32345439356129,40.49200555295533
21.6751515506321,39.7318405888503
21.14701238786312,38.88377433344772
20.82121754764056,38.16046956351079
20.46089201697481,37.22764673302484
20.091984405616785,36.29818447160296
19.714526050842153,35.37216173347165
19.328549016279183,34.44965718068324
18.934086089185072,33.53074917643378
18.531170777660776,32.61551577840645
18.119837307804673,31.704034732140805
17.714941250349355,30.828062990142946
17.22364629621228,29.958195531848357
16.605191788702037,29.173622941771
15.874105722398996,28.492775462067964
15.04756189793047,27.931646748497386
14.144976495559519,27.503418166560934
13.187551973469791,27.218149150609868
12.19777900494304,27.082540899628682
11.272718941183758,27.09324592748422
10.276074430409096,27.175096869250297
9.279323747232844,27.255644576312307
8.282468595793183,27.334888910958398
7.285510680406901,27.412829737704897
6.2884517055665015,27.48946692329696
5.291293375937229,27.56480033670846
4.29403739635422,27.63882984914244
3.2966854718195506,27.711555334031004
2.299239307499356,27.782976667035882
2.1967440777137384,27.79024148647386
1.197588887480185,27.789736420337444
0.20861845863389283,27.647438001055882
-0.7501472152214204,27.366226813690908
-1.65929958343734,26.951795491720866
-2.114538437207014,26.680995949694896
-2.9083246846603292,26.074471966257928
-3.5980788519333227,25.351832956890316
-4.1670020705889605,24.530678695862118
-4.6012382934231315,23.631008282928043
-4.890211756599822,22.67473306798732
-5.026884550933371,21.685143003152735
-5.007928029204425,20.686339419151256
-4.877006982151729,19.879917856684273
-4.653312585405274,18.90525863291529
-4.42805518025682,17.93095945553725
-4.2012353462102965,16.95702283106064
-3.9728536667889784,15.983451265063337
-3.7429107295342874,15.01024726218398
-3.5114071260040873,14.037413326115626
-3.2783434517712067,13.064951959599256
-3.0437203064223013,12.092865664417445
-2.807538293555581,11.121156941387767
-2.5697980207797855,10.149828290356481
-2.3305000997125944,9.178882210192029
-2.089645145978693,8.208321198778748
-1.84723377920875,7.238147753010196
-1.6032666230371433,6.268364368782898
-1.3577443051010505,5.2989735409899765
-1.1106674570382893,4.32997776351462
-0.8620367144858392,3.361379529223626
-0.6118527170787047,2.393181329961152
-0.48402890117188235,1.9009693671921752
