,x,y,radius
0,0.0,0.0,0.0
1,0.040582125796937873,-0.9989012155644025,12.3139255
2,0.16206101595401634,-1.9912184161794295,12.3139255
3,0.3636359718472253,-2.9704109838324375,12.3139255
4,0.6439783610729357,-3.930024808343871,12.3139255
5,1.0012403748059668,-4.863734828068228,12.3139255
6,1.4330672071830222,-5.765386720002937,12.3139255
7,1.9366125764340811,-6.62903746451489,12.3139255
8,2.5085574854579527,-7.448994517312118,12.3139255
9,3.145132098186208,-8.219853330468013,12.3139255
10,3.8421405875427617,-8.93653297518742,12.3139255
11,4.594988791219814,-9.594309631515753,12.3139255
12,5.398714492983778,-10.18884772425184,12.3139255
13,5.547949200282093,-10.288553150526356,12.3139255
14,6.387432558503811,-10.831922366552988,68.83670521
15,7.234720656458002,-11.36303939011917,68.83670521
16,8.08963468763826,-11.88179213753142,68.83670521
17,8.951994236207817,-12.388071134377562,68.83670521
18,9.821617315073368,-12.88176953862962,68.83670521
19,10.698320404290534,-13.362783163191018,68.83670521
20,11.581918489792795,-13.831010497883653,68.83670521
21,12.472225102435694,-14.286352730869957,68.83670521
22,13.369052357348192,-14.728713769505525,68.83670521
23,14.272210993582704,-15.158000260617968,68.83670521
24,15.10341675601656,-15.539009124117875,68.83670521
25,16.026668021329492,-15.922836736294906,17.14489604
26,16.970723886031184,-16.25219225711365,17.14489604
27,17.932373612199374,-16.52595554707798,17.14489604
28,18.90834662511577,-16.74319553610012,17.14489604
29,19.895323636504276,-16.903173390073892,17.14489604
30,20.889947933444237,-17.005345023652556,17.14489604
31,21.888836794565023,-17.04936295068538,17.14489604
32,22.888592994695486,-17.035077466019448,17.14489604
33,23.88581635884091,-16.962537154647524,17.14489604
34,24.877115326192282,-16.831988726470282,17.14489604
35,25.85911848483874,-16.64387617723492,17.14489604
36,26.828486037953482,-16.39883927850376,17.14489604
37,27.781921162456676,-16.097711401788526,17.14489604
38,28.716181221524458,-15.741516684250339,17.14489604
39,29.628088792810264,-15.331466545604995,17.14489604
40,30.514542474871448,-14.868955568079468,17.14489604
41,31.372527435048468,-14.355556753431943,17.14489604
42,32.02592135020353,-13.916800792641643,17.14489604
43,32.84583742676836,-13.344323685256086,-104.7898011
44,33.67117918644449,-12.779696913995025,-104.7898011
45,34.50187146824196,-12.222971897445461,-104.7898011
46,35.337838623917435,-11.674199334609241,-104.7898011
47,36.17900452486327,-11.133429200286017,-104.7898011
48,37.025292569040246,-10.600710740522246,-104.7898011
49,37.87662568795347,-10.076092468126532,-104.7898011
50,38.73292635367069,-9.559622158251685,-104.7898011
51,39.29125441109132,-9.228834211202013,-104.7898011
52,40.16683449609508,-8.746028574033454,-17.96314465
53,41.06792186453821,-8.31268884244961,-17.96314465
54,41.9917246797684,-7.930157631814875,-17.96314465
55,42.935380725923615,-7.599620137585209,-17.96314465
56,43.895966275928,-7.322100463220131,-17.96314465
57,44.870505150067906,-7.098458447205626,-17.96314465
58,45.855977937081796,-6.92938699901881,-17.96314465
59,46.84933134919428,-6.815409952288299,-17.96314465
60,47.84748768210969,-6.756880441801819,-17.96314465
61,48.84735435065531,-6.75397980938963,-17.96314465
62,49.84583347053,-6.8067170420736005,-17.96314465
63,50.839831456471074,-6.914928744222735,-17.96314465
64,51.82626860710144,-7.078279643801437,-17.96314465
65,52.8020886467604,-7.29626363114199,-17.96314465
66,53.764268194754635,-7.56820532702281,-17.96314465
67,54.70982613269066,-7.8932621751941525,-17.96314465
68,55.63583284086627,-8.27042705286794,-17.96314465
69,55.705050607639535,-8.301066515981795,-17.96314465
70,56.61839278850158,-8.708259298392932,-919.2797583
71,57.53129148143847,-9.116445380742107,-919.2797583
72,58.44374560619315,-9.525624280011925,-919.2797583
73,59.355754083034526,-9.935795512010259,-919.2797583
74,60.26731583275887,-10.34695859137048,-919.2797583
75,61.178429776691075,-10.759113031552602,-919.2797583
76,62.08909483668589,-11.172258344843272,-919.2797583
77,62.99930993512936,-11.586394042356915,-919.2797583
78,63.909073994939945,-12.001519634035617,-919.2797583
79,64.81838593956962,-12.417634628650376,-919.2797583
80,65.72724469300573,-12.834738533801215,-919.2797583
81,66.63564917977152,-13.252830855918319,-919.2797583
82,66.64432254900714,-13.256828538898503,-919.2797583
83,67.56560731954946,-13.645253038355268,15.19696754
84,68.51043913760287,-13.972257710807108,15.19696754
85,69.47472837403832,-14.236427142623523,15.19696754
86,70.45430117984391,-14.436617897499003,15.19696754
87,71.44491755229735,-14.571963465725824,15.19696754
88,72.44228968747936,-14.641878014812178,15.19696754
89,73.44210053969076,-14.64605892521136,15.19696754
90,74.44002250744033,-14.58448810018634,15.19696754
91,75.43173616512254,-14.457432044140024,15.19696754
92,76.41294895930652,-14.265440709072235,15.19696754
93,77.37941378871116,-14.00934511415635,15.19696754
94,78.32694738744401,-13.690253748739133,15.19696754
95,79.00306394840362,-13.418866472953852,15.19696754
96,79.92301619605946,-13.026839474558159,-175.8591901
97,80.84518276813712,-12.640049972657266,-175.8591901
98,81.769533846667,-12.258510473969551,-175.8591901
99,82.69603954304414,-11.882233315456176,-175.8591901
100,83.62466989899474,-11.511230663922106,-175.8591901
101,84.55539488754472,-11.145514515622892,-175.8591901
102,85.48818441399078,-10.78509669587649,-175.8591901
103,86.42300831687339,-10.429988858681185,-175.8591901
104,87.35983636895207,-10.080202486338493,-175.8591901
105,88.29863827818286,-9.735748889082146,-175.8591901
106,88.86922913924298,-9.52934738625035,-175.8591901
107,89.81347572699343,-9.200158039517618,-50.43874677
108,90.76406283227911,-8.889752820899638,-50.43874677
109,91.72061681875213,-8.598253737808044,-50.43874677
110,92.68276170473123,-8.325775366437085,-50.43874677
111,93.65011931098448,-8.07242480672845,-50.43874677
112,94.62230940937594,-7.838301640274764,-50.43874677
113,95.59894987231753,-7.623497891178161,-50.43874677
114,96.5796568229675,-7.428097989879447,-50.43874677
115,97.56404478611653,-7.2521787399719955,-50.43874677
116,98.55172683970203,-7.095809288013442,-50.43874677
117,99.54231476689115,-6.959051096347018,-50.43874677
118,100.53541920867268,-6.841957918943294,-50.43874677
119,101.53064981689795,-6.744575780271717,-50.43874677
120,102.5276154077105,-6.666942957210246,-50.43874677
121,103.52592411530418,-6.609089964000383,-50.43874677
122,104.52518354594937,-6.571039540253224,-50.43874677
123,105.29633917593954,-6.555227814488646,-50.43874677
124,106.29626031851363,-6.54267077968052,-1680.442409
125,107.29618875649801,-6.530708781521298,-1680.442409
126,108.29612413579618,-6.519341824247249,-1680.442409
127,109.29606610230917,-6.508569911883114,-1680.442409
128,110.29601430193568,-6.498393048243997,-1680.442409
129,111.29596838057222,-6.488811236933543,-1680.442409
130,112.2959279841132,-6.479824481344622,-1680.442409
131,113.29589275845107,-6.471432784660237,-1680.442409
132,114.29586234947648,-6.463636149851482,-1680.442409
133,115.29583640307833,-6.456434579679581,-1680.442409
134,116.29581456514396,-6.449828076694757,-1680.442409
135,117.29579648155926,-6.44381664323646,-1680.442409
136,118.2957817982088,-6.438400281433587,-1680.442409
137,119.2957701609759,-6.433578993204037,-1680.442409
138,120.29576121574289,-6.429352780255385,-1680.442409
139,121.29575460839102,-6.425721644083751,-1680.442409
140,122.29574998480084,-6.422685585975614,-1680.442409
141,123.29574699085211,-6.420244607005543,-1680.442409
142,124.29574527242406,-6.418398708038239,-1680.442409
143,125.29574447539544,-6.41714788972763,-1680.442409
144,126.2957442456447,-6.416492152515957,-1680.442409
145,127.29574422905004,-6.416431496636051,-1680.442409
146,128.29574407148968,-6.416965922109057,-1680.442409
147,129.29574341884177,-6.418095428746028,-1680.442409
148,130.29574191698472,-6.419820016146559,-1680.442409
149,131.2957392117972,-6.4221396837003795,-1680.442409
150,132.29573494915834,-6.42505443058576,-1680.442409
151,133.2957287749478,-6.428564255770425,-1680.442409
152,134.2957203350459,-6.432669158012004,-1680.442409
153,135.2957092753338,-6.4373691358562155,-1680.442409
154,136.29569524169355,-6.442664187639139,-1680.442409
155,137.2956778800083,-6.448554311485168,-1680.442409
156,138.29565683616232,-6.455039505309287,-1680.442409
157,139.29563175604125,-6.4621197668143395,-1680.442409
158,140.2956022855321,-6.469795093493076,-1680.442409
159,141.29556807052347,-6.478065482627926,-1680.442409
160,142.2955287569056,-6.486930931289635,-1680.442409
161,143.29548399057063,-6.496391436338854,-1680.442409
162,144.2954334174125,-6.506446994425687,-1680.442409
163,145.2953766833273,-6.517097601989235,-1680.442409
164,146.29531343421328,-6.528343255257596,-1680.442409
165,147.295243315971,-6.540183950248547,-1680.442409
166,148.29516597450342,-6.552619682769091,-1680.442409
167,149.29508105571608,-6.565650448415454,-1680.442409
168,150.2949882055172,-6.5792762425733144,-1680.442409
169,151.29488706981783,-6.593497060417121,-1680.442409
170,152.29477729453194,-6.6083128969112295,-1680.442409
171,153.29465852557655,-6.623723746808992,-1680.442409
172,154.29453040887185,-6.639729604652985,-1680.442409
173,155.2943925903414,-6.656330464775465,-1680.442409
174,156.29424471591216,-6.673526321297231,-1680.442409
175,157.29408643151461,-6.691317168129217,-1680.442409
176,158.29391738308297,-6.709702998971579,-1680.442409
177,159.29373721655526,-6.728683807312791,-1680.442409
178,160.29354557787343,-6.748259586431459,-1680.442409
179,161.2933421129835,-6.768430329396097,-1680.442409
180,162.2931264678357,-6.78919602906285,-1680.442409
181,163.2928982883845,-6.810556678078683,-1680.442409
182,164.29265722058886,-6.832512268879327,-1680.442409
183,165.29240291041233,-6.8550627936895125,-1680.442409
184,166.29213500382315,-6.878208244524103,-1680.442409
185,167.29185314679427,-6.90194861318605,-1680.442409
186,167.9138056182276,-6.917018515889367,-1680.442409
187,168.91331415131333,-6.94812664281487,-74.59326303
188,169.9123158448113,-6.992631020804225,-74.59326303
189,170.91063115901574,-7.050523651569762,-74.59326303
190,171.90808067757632,-7.121794130698817,-74.59326303
191,172.90448513974283,-7.2064296495235425,-74.59326303
192,173.8996654725816,-7.304414997422924,-74.59326303
193,174.89344282315844,-7.415732564556421,-74.59326303
194,175.88563859068188,-7.540362345028754,-74.59326303
195,176.8760744586012,-7.678281940485405,-74.59326303
196,177.8645724266533,-7.8294665641379595,-74.59326303
197,178.85095484285264,-7.993889045218822,-74.59326303
198,179.8350444354189,-8.171519833864295,-74.59326303
199,180.81666434463597,-8.36232700642526,-74.59326303
200,181.79563815463706,-8.566276271204458,-74.59326303
201,182.77178992511003,-8.783330974619417,-74.59326303
202,183.74494422291713,-9.013452107789718,-74.59326303
203,184.71492615362385,-9.256598313547698,-74.59326303
204,185.68156139293066,-9.512725893871078,-74.59326303
205,186.64467621800247,-9.781788817736384,-74.59326303
206,187.60409753868993,-10.063738729391574,-74.59326303
207,188.55965292863706,-10.358524957046498,-74.59326303
208,189.51117065626957,-10.666094521979545,-74.59326303
209,190.45847971565826,-10.986392148059025,-74.59326303
210,191.4014098572521,-11.319360271677269,-74.59326303
211,192.33979161847532,-11.664939052095932,-74.59326303
212,193.27345635418305,-12.023066382200511,-74.59326303
213,194.20223626697012,-12.393677899662208,-74.59326303
214,195.12596443732747,-12.776706998505048,-74.59326303
215,196.04447485364062,-13.172084841076213,-74.59326303
216,196.95760244202543,-13.579740370417596,-74.59326303
217,197.86518309599472,-13.999600323035978,-74.59326303
218,198.76705370595158,-14.431589242069904,-74.59326303
219,199.66305218850312,-14.875629490850756,-74.59326303
220,200.55301751559006,-15.331641266855584,-74.59326303
221,201.43678974342652,-15.79954261604901,-74.59326303
222,202.31421004124493,-16.27924944761206,-74.59326303
223,203.18512071984105,-16.77067554905487,-74.59326303
224,203.52350704916162,-16.965796364702314,-74.59326303
225,204.40558537486353,-17.436452559295997,14.07510762
226,205.31884916890468,-17.843304705260696,14.07510762
227,206.2586904564268,-18.18429998448202,14.07510762
228,207.22036716284876,-18.457717867049908,14.07510762
229,208.19902704053536,-18.66217879238517,14.07510762
230,209.18973215135682,-18.796651129967042,14.07510762
231,210.1874837816092,-18.860456384540655,14.07510762
232,211.1872476635848,-18.85327261954089,14.07510762
233,212.18397937653424,-18.775136081459422,14.07510762
234,213.17264979885692,-18.626441016958978,14.07510762
235,214.1482704830978,-18.4079376836576,14.07510762
236,215.10591882571842,-18.120728564619718,14.07510762
237,216.04076290464468,-17.766262805654264,14.07510762
238,216.94808585927169,-17.34632890348702,14.07510762
239,217.8233096899125,-16.86304568169988,14.07510762
240,218.6394360327916,-16.334638495036035,14.07510762
241,219.4599442525393,-15.763003885061494,-788.5830965
242,220.28117670061147,-15.192410218581017,-788.5830965
243,221.1031320564088,-14.622858413149515,-788.5830965
244,221.92580899816926,-14.054349384646116,-788.5830965
245,222.74920620297058,-13.486884047273406,-788.5830965
246,223.5733223467322,-12.920463313555388,-788.5830965
247,224.3981561042175,-12.355088094336338,-788.5830965
248,225.22370614903582,-11.790759298779562,-788.5830965
249,226.04997115364478,-11.227477834365232,-788.5830965
250,226.87694978935212,-10.665244606889473,-788.5830965
251,227.7046407263182,-10.104060520462895,-788.5830965
252,228.53304263355778,-9.54392647750899,-788.5830965
253,229.36215417894243,-8.984843378762434,-788.5830965
254,230.19197402920258,-8.426812123268178,-788.5830965
255,231.02250084992966,-7.8698336083798495,-788.5830965
256,231.85373330557803,-7.313908729757827,-788.5830965
257,232.68567005946778,-6.759038381368441,-788.5830965
258,233.51830977378592,-6.205223455482269,-788.5830965
259,234.3516511095894,-5.65246484267243,-788.5830965
260,235.1856927268069,-5.100763431813789,-788.5830965
261,236.02043328424082,-4.5501201100807975,-788.5830965
262,236.8558714395698,-4.000535762946811,-788.5830965
263,237.6920058493505,-3.4520112741817,-788.5830965
264,238.52883516902006,-2.90454752585174,-788.5830965
265,239.36635805289825,-2.358145398316992,-788.5830965
266,240.2045731541894,-1.8128057702303977,-788.5830965
267,241.04347912498474,-1.2685295185362975,-788.5830965
268,241.88307461626454,-0.7253175184692964,-788.5830965
269,242.72335827790027,-0.18317064355233015,-788.5830965
270,243.5643287586568,0.35791023440435765,-788.5830965
271,244.4059847061946,0.8979242453044662,-788.5830965
272,245.24832476707172,1.4368705207677976,-788.5830965
273,246.0913475867461,1.9747481941308251,-788.5830965
274,246.145970936382,2.0095479108310883,-788.5830965
275,247.0044633616718,2.522101508622651,-17.2640866
276,247.89118840982712,2.9840962313879604,-17.2640866
277,248.80317181123357,3.3939824478531797,-17.2640866
278,249.73735457423948,3.7503853100634377,-17.2640866
279,250.69060324568252,4.052109364923373,-17.2640866
280,251.65972042117636,4.298142564008101,-17.2640866
281,252.6414554699039,4.4876596581948025,-17.2640866
282,253.63251543794343,4.620024965728673,-17.2640866
283,254.62957609355578,4.694794504438443,-17.2640866
284,255.62929307738423,4.711717480949632,-17.2640866
285,256.6283131201666,4.67073713190033,-17.2640866
286,257.62328529033323,4.571990914337926,-17.2640866
287,258.6108722337641,4.415810044658121,-17.2640866
288,259.5877613680036,4.202718387632755,-17.2640866
289,260.5506759933864,3.933430699252865,-17.2640866
290,261.496386283804,3.608850229280863,-17.2640866
291,262.4217201202477,3.2300656915534294,-17.2640866
292,263.3235737307889,2.798347612197359,-17.2640866
293,263.68977322299264,2.604228622907854,-17.2640866
294,264.56772127112527,2.125472722768791,2545.351323
295,265.4458573418001,1.647061781717639,2545.351323
296,266.32418129947746,1.1689958735964865,2545.351323
297,267.20269300858877,0.6912750721949124,2545.351323
298,268.08139233353654,0.21389945124883525,2545.351323
299,268.9602791386942,-0.26313091555994106,2545.351323
300,269.83935328840585,-0.739815954601454,2545.351323
301,270.7186146469876,-1.216155592299856,2545.351323
302,271.5980630787258,-1.6921497551329594,2545.351323
303,272.4776984478783,-2.167798369630873,2545.351323
304,273.3575206186738,-2.64310136237782,2545.351323
305,274.2375294553128,-3.1180586600107745,2545.351323
306,275.1177248219667,-3.5926701892208257,2545.351323
307,275.9981065827774,-4.066935876751813,2545.351323
308,276.8786746018591,-4.540855649401237,2545.351323
309,277.75942874329644,-5.014429434020258,2545.351323
310,278.64036887114617,-5.4876571575127855,2545.351323
311,279.5214948494354,-5.960538746836846,2545.351323
312,280.40280654216326,-6.433074129002762,2545.351323
313,281.28430381329986,-6.905263231075423,2545.351323
314,282.1659865267868,-7.377105980173383,2545.351323
315,283.0478545465369,-7.8486023034670325,2545.351323
316,283.9299077364344,-8.319752128182245,2545.351323
317,284.81214596033533,-8.790555381596732,2545.351323
318,285.6945690820669,-9.261011991042324,2545.351323
319,286.5771769654275,-9.731121883904962,2545.351323
320,287.45996947418735,-10.20088498762334,2545.351323
321,288.3429464720882,-10.670301229689812,2545.351323
322,289.22610782284323,-11.139370537650393,2545.351323
323,290.1094533901369,-11.608092839103847,2545.351323
324,290.99298303762566,-12.076468061704418,2545.351323
325,291.8766966289372,-12.54449613315819,2545.351323
326,292.32438701109754,-12.781430101601018,2545.351323
327,293.2206359020631,-13.224700308104428,18.27664245
328,294.13978485347604,-13.618293696828246,18.27664245
329,295.0790829025431,-13.961032264178623,18.27664245
330,296.0357187813183,-14.251890212274674,18.27664245
331,297.0068293306747,-14.489997019105683,18.27664245
332,297.98950806958413,-14.674640043956128,18.27664245
333,298.9808138940566,-14.80526666030056,18.27664245
334,299.97777987970437,-14.881485909784708,18.27664245
335,300.9774221615855,-14.903069672342582,18.27664245
336,301.9767488647488,-14.869953348947387,18.27664245
337,302.9727690587534,-14.782236054952921,18.27664245
338,303.96250170936,-14.640180323446696,18.27664245
339,304.9429846006048,-14.44421131950271,18.27664245
340,305.9112832005503,-14.194915567685499,18.27664245
341,306.1514311974329,-14.124247434718207,18.27664245
342,307.1139567919268,-13.853269596875123,-26.86115179
343,308.08590121679066,-13.618304613028652,-26.86115179
344,309.06591755137595,-13.419678097669017,-26.86115179
345,310.0526476889811,-13.2576653074344,-26.86115179
346,311.0447242189159,-13.132490759660271,-26.86115179
347,312.04077232145926,-13.044327921243248,-26.86115179
348,313.03941167308443,-12.993298968250667,-26.86115179
349,314.0392583593117,-12.979474616608975,-26.86115179
350,315.0389267925368,-13.002874024105594,-26.86115179
351,316.0370316321786,-13.063464763840063,-26.86115179
352,317.032189704484,-13.161162869161235,-26.86115179
353,318.0230219193303,-13.29583295002826,-26.86115179
354,319.0081551813683,-13.46728838063413,-26.86115179
355,319.9862242928581,-13.67529155803172,-26.86115179
356,320.95587384555995,-13.919554231403982,-26.86115179
357,321.9157600990594,-14.199737901521917,-26.86115179
358,322.8645528429225,-14.515454289836875,-26.86115179
359,323.3660221093795,-14.698380593248821,-26.86115179
360,324.31212916111633,-15.021759791741736,16.46541517
361,325.276119705739,-15.287117831458255,16.46541517
362,326.25443911730866,-15.49347622917952,16.46541517
363,327.2434799335154,-15.640074057407505,16.46541517
364,328.2395951578618,-15.726370750214775,16.46541517
365,329.23911170762483,-15.752048096531313,16.46541517
366,330.2383439580089,-15.717011413518412,16.46541517
367,331.23360733254583,-15.621389895702864,16.46541517
368,332.2212318896302,-15.465536138584111,16.46541517
369,333.1975758550889,-15.25002483847096,16.46541517
370,334.1590390508868,-14.975650673342114,16.46541517
371,334.41566612066873,-14.89158871154303,16.46541517
372,335.3704568798748,-14.594611863516455,-21.55428282
373,336.33799340196725,-14.342235714591226,-21.55428282
374,337.3161934875686,-14.135003394094422,-21.55428282
375,338.302951988643,-13.973360878998353,-21.55428282
376,339.2961453389065,-13.857656034150093,-21.55428282
377,340.29363612387573,-13.788137863644486,-21.55428282
378,341.29327768071784,-13.764955974951683,-21.55428282
379,342.2929187180037,-13.788160256952466,-21.55428282
380,343.29040794542226,-13.857700772574244,-21.55428282
381,344.2835987034926,-13.973427866258778,-21.55428282
382,345.2703535833099,-14.13509248603033,-21.55428282
383,346.24854902638344,-14.342346719471177,-21.55428282
384,347.2160798946683,-14.594744542450968,-21.55428282
385,348.17086400095445,-14.891742778998697,-21.55428282
386,349.1108465898643,-15.232702270251508,-21.55428282
387,349.40838544221714,-15.351058718610545,-21.55428282
388,350.3428842434819,-15.706792242568742,22.42842549
389,351.29230991568693,-16.020520218036136,22.42842549
390,352.25477537388366,-16.29161907714659,22.42842549
391,353.22836761515583,-16.519549981956708,22.42842549
392,354.21115152091704,-16.7038598954438,22.42842549
393,355.2011737031659,-16.844182481965372,22.42842549
394,356.1964663870532,-16.94023883539035,22.42842549
395,357.1950513220447,-16.991838033454805,22.42842549
396,358.19494371390545,-16.99887751724035,22.42842549
397,359.19415616969013,-16.96134329502095,22.42842549
398,360.1907026478992,-16.879309970072963,22.42842549
399,361.1826024059482,-16.752940592393173,22.42842549
400,362.16788393710556,-16.582486334619492,22.42842549
401,363.14458888907245,-16.368285992798512,22.42842549
402,364.11077595641757,-16.110765312992168,22.42842549
403,365.06452473912884,-15.81043614506197,22.42842549
404,366.0039395596137,-15.467895425312708,22.42842549
405,366.92715323056063,-15.083823990017777,22.42842549
406,367.83233076617375,-14.658985222184373,22.42842549
407,368.7176730294028,-14.194223534248188,22.42842549
408,369.58142030792044,-13.690462689713499,22.42842549
409,370.4218558117383,-13.148703967074532,22.42842549
410,371.23730908551045,-12.570024169667462,22.42842549
411,372.0261593287423,-11.955573485408774,22.42842549
412,372.78683861730417,-11.306573200673903,22.42842549
413,373.51783501984823,-10.624313272860082,22.42842549
414,374.21769560293365,-9.910149766458229,22.42842549
415,374.885029318887,-9.165502157729891,22.42842549
416,375.5185097706579,-8.391850513346546,22.42842549
417,376.116877848175,-7.590732548598972,22.42842549
418,376.55588872320556,-6.951705249984196,22.42842549
419,377.14102472431927,-6.141108576437111,-12.32020206
420,377.7899561832584,-5.3806225025580225,-12.32020206
421,378.4984101804291,-4.675254484529269,-12.32020206
422,379.26172186729576,-4.029649051112159,-12.32020206
423,380.074865182295,-3.448057221529737,-12.32020206
424,380.93248594517326,-2.9343085144315566,-12.32020206
425,381.8289371118377,-2.491785732248708,-12.32020206
426,382.7583159575826,-2.12340268697273,-12.32020206
427,383.71450294385664,-1.8315850140240464,-12.32020206
428,384.6912020126511,-1.6182542005418892,-12.32020206
429,385.68198204318907,-1.4848149332622107,-12.32020206
430,386.68031919794123,-1.4321458492920627,-12.32020206
431,387.6796398791399,-1.4605937506824045,-12.32020206
432,388.08257436222885,-1.4951111972622062,-12.32020206
433,389.0792558274245,-1.5755765776833677,23.46187464
434,390.0784606965525,-1.6135008446085983,23.46187464
435,391.0783740250108,-1.6088151128215884,23.46187464
436,392.0771795813597,-1.5615278934334,23.46187464
437,393.0730631463045,-1.4717250784229776,23.46187464
438,394.064215808023,-1.3395697846238974,23.46187464
439,395.0488372478532,-1.1653020574407797,23.46187464
440,396.02513901037173,-0.9492384348334895,23.46187464
441,396.99134775192437,-0.6917713723611065,23.46187464
442,397.1413309745474,-0.6478198413872214,23.46187464
443,398.10398259806135,-0.3772034827748385,-34.8433963
444,399.0740033706863,-0.1343227250381105,-34.8433963
445,400.05059435960015,0.08062238929326782,-34.8433963
446,401.03295122059006,0.2674548261684464,-34.8433963
447,402.02026486053,0.42602070582498186,-34.8433963
448,403.01172210376956,0.556189429527997,-34.8433963
449,404.00650636188544,0.6578537871344423,-34.8433963
450,405.0037983062435,0.7309300453940608,-34.8433963
451,406.00277654281786,0.7753580169140619,-34.8433963
452,406.5298111699835,0.7872337514781478,-34.8433963
453,407.5297060990833,0.8017270930984068,-1062.562399
454,408.5296142253642,0.8152794061238637,-1062.562399
455,409.5295346631985,0.8278906785506024,-1062.562399
456,410.52946652694754,0.839560899208891,-1062.562399
457,411.52940893096275,0.850290057762777,-1062.562399
458,412.52936098958594,0.8600781447084955,-1062.562399
459,413.5293218171507,0.8689251513774252,-1062.562399
460,414.52929052798254,0.8768310699331323,-1062.562399
461,415.52926623640013,0.8837958933736445,-1062.562399
462,416.529248056716,0.8898196155298592,-1062.562399
463,417.5292351032373,0.8949022310669079,-1062.562399
464,418.5292264902662,0.8990437354825644,-1062.562399
465,419.5292213321015,0.902244125109064,-1062.562399
466,420.5292187430386,0.9045033971119665,-1062.562399
467,421.52921783737077,0.9058215494894739,-1062.562399
468,422.5292177293898,0.9061985810747046,-1062.562399
469,423.52921753338677,0.9056344915334194,-1062.562399
470,424.5292163636527,0.9041292813656128,-1062.562399
471,425.52921333447966,0.901682951903922,-1062.562399
472,426.52920756016124,0.8982955053154456,-1062.562399
473,427.52919815499354,0.8939669446003791,-1062.562399
474,428.5291842332758,0.8886972735926975,-1062.562399
475,429.52916490931136,0.8824864969594728,-1062.562399
476,430.5291392974083,0.8753346202020111,-1062.562399
477,431.5291065118801,0.8672416496547157,-1062.562399
478,432.52906566704695,0.8582075924855417,-1062.562399
479,433.5290158772359,0.8482324566957686,-1062.562399
480,434.52895625678195,0.8373162511209102,-1062.562399
481,435.528885920029,0.8254589854293499,-1062.562399
482,436.5288039813301,0.8126606701232504,-1062.562399
483,437.5287095550489,0.7989213165378715,-1062.562399
484,438.52860175556003,0.784240936842707,-1062.562399
485,439.5284796972498,0.7686195440401207,-1062.562399
486,440.52834249451735,0.752057151966028,-1062.562399
487,441.52818926177514,0.7345537752901237,-1062.562399
488,442.52801911344983,0.7161094295149724,-1062.562399
489,443.5278311639831,0.6967241309773726,-1062.562399
490,444.52762452783236,0.6763978968467654,-1062.562399
491,445.52739831947156,0.6551307451261437,-1062.562399
492,446.527151653392,0.6329226946522795,-1062.562399
493,447.5268836441032,0.6097737650948147,-1062.562399
494,448.5265934061333,0.5856839769571707,-1062.562399
495,449.5262800540305,0.5606533515758656,-1062.562399
496,450.52594270236324,0.5346819111207424,-1062.562399
497,451.52558046572125,0.507769678594741,-1062.562399
498,452.52519245871633,0.4799166778345807,-1062.562399
499,453.524777795983,0.4511229335096232,-1062.562399
500,454.5243355921797,0.421388471122782,-1062.562399
501,455.52386496198886,0.3907133170105226,-1062.562399
502,456.5233650201183,0.35909749834172544,-1062.562399
503,457.52283488130183,0.3265410431188229,-1062.562399
504,458.52227366029996,0.29304398017757194,-1062.562399
505,459.52168047190065,0.25860633918637177,-1062.562399
506,460.5210544309203,0.2232281506471736,-1062.562399
507,461.5203946522043,0.18690944589457104,-1062.562399
508,462.51970025062803,0.14965025709648216,-1062.562399
509,463.5189703410975,0.11145061725369487,-1062.562399
510,464.51820403855004,0.07231056020009419,-1062.562399
511,465.51740045795543,0.032230120602207535,-1062.562399
512,466.5165587143163,-0.008790666040340511,-1062.562399
513,467.5156779226692,-0.050751763395055605,-1062.562399
514,468.5147571980852,-0.09365313429657363,-1062.562399
515,469.51379565567066,-0.13749474074688806,-1062.562399
516,470.51279241056824,-0.18227654391489523,-1062.562399
517,471.5117465779575,-0.22799850413707645,-1062.562399
518,472.5106572730557,-0.2746605809168159,-1062.562399
519,473.5095236111185,-0.3222627329255374,-1062.562399
520,474.50834470744104,-0.3708049180013404,-1062.562399
521,475.50711967735845,-0.4202870931499092,-1062.562399
522,476.1948645933198,-0.4549077902179306,-1062.562399
523,477.18830751739256,-0.5640775146957218,-8.499051075
524,478.162066484083,-0.7891116163840337,-8.499051075
525,479.10267639579655,-1.1268983332914289,-8.499051075
526,479.9971305386614,-1.572766765056591,-8.499051075
527,480.83306043881527,-2.1205514619599484,-8.499051075
528,481.5989068931362,-2.76267768050029,-8.499051075
529,482.2840798094116,-3.4902661266258805,-8.499051075
530,482.8791046456835,-4.293255738235129,-8.499051075
531,483.37575342381183,-5.1605428091156105,-8.499051075
532,483.7671585056063,-6.080134530521527,-8.499051075
533,484.0479075582353,-7.0393148272232064,-8.499051075
534,484.21024080345427,-7.989815874720819,-8.499051075
535,484.3701512501336,-8.97655411387029,10.35924562
536,484.62442129153084,-9.94328595342293,10.35924562
537,484.97068336401094,-10.881009943048223,10.35924562
538,485.4057133461379,-11.78099473081279,10.35924562
539,485.9254605791703,-12.634860362696463,10.35924562
540,486.3399472382987,-13.204458063884804,10.35924562
541,486.981357542147,-13.971413476831716,14.96163767
542,487.6725590078712,-14.693818015239524,14.96163767
543,488.4104650045505,-15.368445707671505,14.96163767
544,489.1917803373991,-15.992283935088746,14.96163767
545,490.0130159627955,-16.562546884008935,14.96163767
546,490.87050456896435,-17.076687986841712,14.96163767
547,491.76041695273227,-17.532411293847012,14.96163767
548,492.6787791192273,-17.92768172593371,14.96163767
549,493.62149002815937,-18.260734162513685,14.96163767
550,494.584339907436,-18.53008132382857,14.96163767
551,495.5630290523305,-18.734520412549752,14.96163767
552,496.55318702625357,-18.87313848499306,14.96163767
553,497.4937288558423,-18.943007312689964,14.96163767
554,498.4929305788108,-18.98292588964054,185.4129571
555,499.4923330636897,-19.017454851205514,185.4129571
556,500.49190723953,-19.04659319299509,185.4129571
557,501.49162403038827,-19.070340067423558,185.4129571
558,502.49145435617265,-19.08869478373404,185.4129571
559,503.4913691334889,-19.10165680801842,185.4129571
560,504.49133927648614,-19.109225763233127,185.4129571
561,505.49133569770305,-19.11140142920985,185.4129571
562,506.49132930891375,-19.108183742662135,185.4129571
563,507.4912910219743,-19.09957279718708,185.4129571
564,508.49119174966853,-19.085568843262735,185.4129571
565,509.4910024065543,-19.066172288240693,185.4129571
566,510.4906939098093,-19.04138369633435,185.4129571
567,511.49023718007743,-19.01120378860253,185.4129571
568,512.4896031423143,-18.9756334429282,185.4129571
569,513.4887627266331,-18.934673693993403,185.4129571
570,514.4876868691504,-18.88832573324885,185.4129571
571,515.486346512831,-18.83659090887923,185.4129571
572,516.484712608334,-18.77947072576424,185.4129571
573,517.482756114857,-18.71696684543457,185.4129571
574,518.4804480009813,-18.6490810860237,185.4129571
575,519.477759245516,-18.575815422215072,185.4129571
576,520.0054715726959,-18.5348592667778,185.4129571
577,520.9894562798995,-18.364749491572553,5.416907051
578,521.9254961217474,-18.016909508097008,5.416907051
579,522.7817815261211,-17.503160010882986,5.416907051
580,523.5292132270417,-16.840959820540384,5.416907051
581,524.1423911490733,-16.0528125782284,5.416907051
582,524.6004775816181,-15.165502001288509,5.416907051
583,524.8879053097337,-14.209181688453278,5.416907051
584,524.9949066369636,-13.216350405907244,5.416907051
585,524.9178453223242,-12.220747677196139,5.416907051
586,524.6593401511874,-11.25620720830613,5.416907051
587,524.2281759407341,-10.355507112128128,5.416907051
588,524.1240126259498,-10.188234595428607,5.416907051
589,523.5689363149289,-9.356470766771043,37.51126154
590,522.9918861507052,-8.539798319770988,37.51126154
591,522.3932722094254,-7.738797616259983,37.51126154
592,521.7735198913642,-6.954037881068679,37.51126154
593,521.1330696186171,-6.186076797511742,37.51126154
594,520.4723765221179,-5.435460111074562,37.51126154
595,519.7919101182031,-4.702721241583564,37.51126154
596,519.0921539749543,-3.988380904135596,37.51126154
597,518.3736053685542,-3.292946739055857,37.51126154
598,517.6367749299011,-2.616912951147313,37.51126154
599,516.8821862817332,-1.9607599584879516,37.51126154
600,516.3961248178706,-1.5563348723334833,37.51126154
601,515.6633411698499,-0.876819406350541,-8.045118683
602,515.0204568245587,-0.11169663064984992,-8.045118683
603,514.4773917142292,0.7272273404341125,-8.045118683
604,514.0425255250859,1.627007614087923,-8.045118683
605,513.7225683958312,2.5737602632817818,-8.045118683
606,513.5224573778378,3.5528765606612884,-8.045118683
607,513.4452802547047,4.549248396363906,-8.045118683
608,513.492227896667,5.547501401483693,-8.045118683
609,513.6624380140205,6.531652255457253,-8.045118683
610,513.858238498962,7.512072662452572,13.79229162
611,513.9825021613017,8.504101163342613,13.79229162
612,514.0345760493859,9.502525078589038,13.79229162
613,514.016560151183,10.459051399414633,13.79229162
614,513.8818426585088,11.44881149478368,6.115592809
615,513.5878003651786,12.403438636106632,6.115592809
616,513.1422777626772,13.297465179268318,6.115592809
617,512.557160550242,14.107040189338061,6.115592809
618,511.8480585469186,14.810565738341154,6.115592809
619,511.03388925115246,15.389273097071863,6.115592809
620,510.1363731577594,15.8277234492416,6.115592809
621,509.17945429626116,16.11421976985718,6.115592809
622,508.9713616725523,16.154631052256356,6.115592809
623,507.9871400477546,16.331560330686443,-147.6271734
624,507.0041394812409,16.515152439773487,-147.6271734
625,506.0224050774724,16.705398955490637,-147.6271734
626,505.04198188281293,16.902291148477133,-147.6271734
627,504.0629148834623,17.105819984438824,-147.6271734
628,503.0852490033921,17.315976124562695,-147.6271734
629,502.1090291022841,17.53274992594544,-147.6271734
630,501.1342999734722,17.75613144203578,-147.6271734
631,500.1611063418869,17.98611042309102,-147.6271734
632,499.1894928620035,18.222676316647267,-147.6271734
633,498.2195041157925,18.465818268003517,-147.6271734
634,497.25118461067467,18.715525120719974,-147.6271734
635,496.28457877747826,18.97178541712975,-147.6271734
636,495.3197309684009,19.234587398864676,-147.6271734
637,494.3566854549739,19.503919007394785,-147.6271734
638,493.3954864260314,19.7797678845817,-147.6271734
639,492.4361779856825,20.062121373245503,-147.6271734
640,491.47880415128765,20.350966517745746,-147.6271734
641,490.52340885143894,20.646290064575737,-147.6271734
642,489.5700359239444,20.9480784629707,-147.6271734
643,488.61872911381664,21.256317865529553,-147.6271734
644,487.66953207126556,21.570994128850344,-147.6271734
645,486.7224883496954,21.892092814179165,-147.6271734
646,485.77764140370664,22.219599188072607,-147.6271734
647,484.8350345871015,22.553498223073944,-147.6271734
648,483.8947111508954,22.89377459840253,-147.6271734
649,482.9567142413318,23.240412700656833,-147.6271734
650,482.02108689790293,23.593396624530897,-147.6271734
651,481.5555555383708,23.771731771943365,-147.6271734
652,480.61844660639485,24.120710663065125,45.31405317
653,479.6738651398729,24.448925942936484,45.31405317
654,478.7222711368383,24.756217775282238,45.31405317
655,477.7641280103321,25.042436513255034,45.31405317
656,476.7999023627274,25.307442772311312,45.31405317
657,475.8300637585003,25.55110749808965,45.31405317
658,474.85508449555886,25.77331202925842,45.31405317
659,473.8754393752403,25.973948155302224,45.31405317
660,472.8916054710896,26.152918169218907,45.31405317
661,471.90406189653106,26.310134915101486,45.31405317
662,470.9132895715469,26.44552183058191,45.31405317
663,469.91977098847593,26.55901298411581,45.31405317
664,468.9239899770464,26.650553107090303,45.31405317
665,467.92643146875776,26.720097620738983,45.31405317
666,466.9275812607255,26.767612657851203,45.31405317
667,465.92792577910524,26.79307507926491,45.31405317
668,464.92795184220927,26.796472485135105,45.31405317
669,463.92814642343353,26.7778032209724,45.31405317
670,462.92899641410764,26.737076378448705,45.31405317
671,461.9309883863863,26.67431179096976,45.31405317
672,460.93460835629463,26.58954002401648,45.31405317
673,459.94034154704593,26.482802360260045,45.31405317
674,458.94867215274417,26.354150779457775,45.31405317
675,457.9600831025883,26.20364793313975,45.31405317
676,456.97505582569283,26.031367114098337,45.31405317
677,455.99407001663786,25.837392220695676,45.31405317
678,455.01760340186513,25.62181771600629,45.31405317
679,454.04613150703153,25.384748581814932,45.31405317
680,453.0801274254349,25.126300267491864,45.31405317
681,452.12006158762404,24.846598633770675,45.31405317
682,451.16640153230566,24.54577989145581,45.31405317
683,450.2196116786595,24.22399053508982,45.31405317
684,449.28015310017264,23.881387271612574,45.31405317
685,448.3484833001032,23.518136944047136,45.31405317
686,447.42505598868263,23.13441645024953,45.31405317
687,446.897690362203,22.904446178759947,45.31405317
688,445.98501213002294,22.495772105477982,145.3155973
689,445.07516780675775,22.080827095759616,145.3155973
690,444.1682004788772,21.659630799686965,145.3155973
691,443.26415309660854,21.23220316337725,145.3155973
692,442.36306847190247,20.79856442803822,145.3155973
693,441.46498927640573,20.35873512900963,145.3155973
694,440.5699580394403,19.912736094790745,145.3155973
695,439.6780171459894,19.46058844605406,145.3155973
696,438.7892088346904,19.002313594645017,145.3155973
697,437.90357519583455,18.53793324256813,145.3155973
698,437.02115816937373,18.06746938095911,145.3155973
699,436.3023527018316,17.678443883420286,145.3155973
700,435.40705089860796,17.23351495220027,-13.27306116
701,434.480799354118,16.85723693128769,-13.27306116
702,433.52885317236746,16.551744640480464,-13.27306116
703,432.55661323632705,16.318771295524087,-13.27306116
704,431.56959556593,16.15963867468239,-13.27306116
705,430.57340002283854,16.075249619605927,-13.27306116
706,429.57367853953286,16.066082913044404,-13.27306116
707,428.5761030529755,16.132190562464533,-13.27306116
708,427.58633332477956,16.2731975049848,-13.27306116
709,426.6099848304543,16.48830373530113,-13.27306116
710,425.65259689990893,16.77628884453069,-13.27306116
711,424.71960128996886,17.135518944222596,-13.27306116
712,423.816291367211,17.56395593625203,-13.27306116
713,423.19665543519403,17.908322835627235,-13.27306116
714,422.3308508305493,18.40867211163712,50.26026229
715,421.45526308283723,18.89169706698004,50.26026229
716,420.57023879787494,19.357206493796067,50.26026229
717,419.6761283169805,19.80501611783546,50.26026229
718,418.7732855782883,20.234948671404464,50.26026229
719,417.862067976641,20.646833963537663,50.26026229
720,416.9428362221128,21.04050894736893,50.26026229
721,416.0159541972207,21.415817784674335,50.26026229
722,415.08178881287984,21.772611907561494,50.26026229
723,414.1407098631597,22.110750077280915,50.26026229
724,413.83549471877683,22.215902627681896,50.26026229
725,412.88217301174035,22.517589801041172,22.63976679
726,411.9164599064839,22.77688813503612,22.63976679
727,410.9402391979095,22.99329182222042,22.63976679
728,409.95541517786506,23.16637872877354,22.63976679
729,408.96390892048555,23.295811217947705,22.63976679
730,407.96765453479634,23.38133680868832,22.63976679
731,406.96859539189023,23.422788668143138,22.63976679
732,405.96868033403706,23.420085937099312,22.63976679
733,404.9698598731208,23.373233887713695,22.63976679
734,403.97408238581977,23.282323913228545,22.63976679
735,402.9832903129517,23.14753334969276,22.63976679
736,402.0970728178441,22.988846657512777,22.63976679
737,401.11581711742997,22.796144977927383,-158.5960935
738,400.1333658841345,22.60963422460111,-158.5960935
739,399.1497581772698,22.42932181264169,-158.5960935
740,398.1650331021262,22.25521491072942,-158.5960935
741,397.1792298084169,22.087320440832144,-158.5960935
742,396.19238748872203,21.925645077930056,-158.5960935
743,395.20454537693035,21.770195249750316,-158.5960935
744,394.21574274667915,21.620977136511527,-158.5960935
745,393.22601890979325,21.47799667067801,-158.5960935
746,392.2354132147217,21.341259536723896,-158.5960935
747,391.24396504497366,21.210771170907265,-158.5960935
748,390.2517138175526,21.08653676105385,-158.5960935
749,389.25869898138916,20.9685612463509,-158.5960935
750,388.26496001577266,20.85684931715079,-158.5960935
751,387.2705364287817,20.751405414784557,-158.5960935
752,386.2754677557134,20.652233731385223,-158.5960935
753,385.2797935575115,20.55933820972129,-158.5960935
754,384.2835534191937,20.47272254303988,-158.5960935
755,383.2867869482777,20.392390174919882,-158.5960935
756,382.2895337732066,20.31834429913522,-158.5960935
757,381.29183354177337,20.2505878595276,-158.5960935
758,380.2937259195447,20.1891235498897,-158.5960935
759,379.2952505882839,20.133953813858,-158.5960935
760,378.2964472443732,20.08508084481562,-158.5960935
761,377.2973555972357,20.042506585805114,-158.5960935
762,376.3903616802236,20.009320140118746,-158.5960935
763,375.3909143589853,19.97607889816004,-1076.555779
764,374.39143659153103,19.943766045269513,-1076.555779
765,373.3919292402435,19.912381609327213,-1076.555779
766,372.3923931675308,19.881925617413117,-1076.555779
767,371.39282923582607,19.852398095805484,-1076.555779
768,370.39323830758633,19.82379906998176,-1076.555779
769,369.3936212452918,19.796128564617902,-1076.555779
770,368.3939789114455,19.769386603589055,-1076.555779
771,367.3943121685721,19.743573209969327,-1076.555779
772,366.3946218792173,19.71868840603088,-1076.555779
773,365.3949089059472,19.694732213245516,-1076.555779
774,364.39517411134744,19.67170465228355,-1076.555779
775,363.3954183580224,19.649605743013353,-1076.555779
776,362.3956425085948,19.62843550450316,-1076.555779
777,361.3958474257044,19.60819395501926,-1076.555779
778,360.39603397200773,19.588881112026456,-1076.555779
779,359.39620301017715,19.570496992188964,-1076.555779
780,358.39635540290004,19.5530416113686,-1076.555779
781,357.39649201287824,19.536514984627047,-1076.555779
782,356.3966137028272,19.520917126223594,-1076.555779
783,355.39672133547515,19.506248049616943,-1076.555779
784,354.3968157735626,19.49250776746385,-1076.555779
785,353.39689787984133,19.479696291619803,-1076.555779
786,352.39696851707373,19.467813633139258,-1076.555779
787,351.39702854803227,19.45685980227472,-1076.555779
788,350.3970788354983,19.44683480847766,-1076.555779
789,349.39712024226185,19.437738660397827,-1076.555779
790,348.39715363112043,19.42957136588393,-1076.555779
791,347.3971798648785,19.422332931982737,-1076.555779
792,346.39719980634686,19.416023364939747,-1076.555779
793,345.3972143183414,19.410642670199422,-1076.555779
794,344.3972242636831,19.40619085240428,-1076.555779
795,343.3972305051965,19.40266791539534,-1076.555779
796,342.3972339057095,19.400073862212366,-1076.555779
797,341.39723532805266,19.39840869509362,-1076.555779
798,340.3972356350579,19.39767241547588,-1076.555779
799,339.3972356895582,19.3978650239942,-1076.555779
800,338.39723635438696,19.398986520482822,-1076.555779
801,337.39723849237686,19.401036903973818,-1076.555779
802,336.3972429663593,19.40401617269822,-1076.555779
803,335.39725063916364,19.407924324085116,-1076.555779
804,334.39726237361674,19.41276135476255,-1076.555779
805,333.39727903254163,19.418527260557312,-1076.555779
806,332.3973014787573,19.42522203649378,-1076.555779
807,331.39733057507766,19.432845676795978,-1076.555779
808,330.3973671843109,19.441398174885762,-1076.555779
809,329.39741216925876,19.45087952338372,-1076.555779
810,328.39746639271567,19.46128971410917,-1076.555779
811,327.3975307174681,19.47262873807972,-1076.555779
812,326.397606006294,19.484896585511706,-1076.555779
813,325.39769312196154,19.498093245819973,-1076.555779
814,324.3977929272289,19.51221870761833,-1076.555779
815,323.3979062848433,19.527272958718413,-1076.555779
816,322.39803405754026,19.54325598613127,-1076.555779
817,321.39817710804266,19.560167776065782,-1076.555779
818,320.3983362990606,19.57800831393024,-1076.555779
819,319.3985124932898,19.59677758433122,-1076.555779
820,318.39870655341167,19.616475571074034,-1076.555779
821,317.398919342092,19.63710225716227,-1076.555779
822,316.3991517219805,19.658657624798934,-1076.555779
823,315.39940455571,19.681141655384863,-1076.555779
824,314.3996787058956,19.70455432952076,-1076.555779
825,313.39997503513405,19.728895627004476,-1076.555779
826,312.40029440600296,19.754165526834413,-1076.555779
827,311.40063768106006,19.780364007206572,-1076.555779
828,310.4010057228425,19.80749104551569,-1076.555779
829,309.401399393866,19.83554661835592,-1076.555779
830,308.4018195566241,19.864530701520152,-1076.555779
831,307.4022670735877,19.894443269999783,-1076.555779
832,306.4027428072039,19.925284297985172,-1076.555779
833,305.40324761989547,19.957053758865868,-1076.555779
834,304.4037823740602,19.98975162522993,-1076.555779
835,303.4043479320699,20.0233778688646,-1076.555779
836,302.40494515627006,20.057932460755865,-1076.555779
837,301.40557490897845,20.09341537108935,-1076.555779
838,300.40623805248515,20.129826569248735,-1076.555779
839,299.4069354490512,20.167166023817572,-1076.555779
840,298.4076679609082,20.205433702577693,-1076.555779
841,297.40843645025745,20.24462957251103,-1076.555779
842,296.409241779269,20.28475359979757,-1076.555779
843,295.41008481008146,20.32580574981739,-1076.555779
844,294.4109664048006,20.36778598714909,-1076.555779
845,293.4118874254992,20.410694275570677,-1076.555779
846,292.4128487342157,20.454530578059575,-1076.555779
847,291.413851192954,20.499294856792403,-1076.555779
848,290.4148956636825,20.544987073145194,-1076.555779
849,289.4159830083332,20.591607187692716,-1076.555779
850,288.4171140888013,20.63915516020984,-1076.555779
851,287.41828976694416,20.68763094967062,-1076.555779
852,286.41951090458053,20.737034514248535,-1076.555779
853,285.7390921239239,20.771223358252428,-1076.555779
854,284.74406746529223,20.867291416785154,-10.93394909
855,283.76197537936616,21.053834382122133,-10.93394909
856,282.80102496281546,21.329292981708935,-10.93394909
857,281.8692485936394,21.69136471631466,-10.93394909
858,280.97443479024554,22.137023106128147,-10.93394909
859,280.1240631088982,22.66254298845224,-10.93394909
860,279.8591008512628,22.84935027236598,-10.93394909
861,279.0196372101972,23.391830954629555,9.056912416
862,278.12551008634426,23.838508894190877,9.056912416
863,277.1876087225059,24.183944166000835,9.056912416
864,276.21735547172636,24.423929841931717,9.056912416
865,275.5099304304559,24.529237409485606,9.056912416
866,274.5121736709786,24.590429576685906,10.63215139
867,273.51307993943965,24.55764622711714,10.63215139
868,272.5214809245165,24.431177155748546,10.63215139
869,271.5461420638415,24.21214031120736,10.63215139
870,270.5956850601644,23.90247191344853,10.63215139
871,269.7605178581064,23.54470093372074,10.63215139
872,268.8377326558645,23.160604908186922,-9.425247644
873,267.8794609712551,22.87639079034017,-9.425247644
874,266.89647974963606,22.695254917990678,-9.425247644
875,265.8998438255425,22.61923438712072,-9.425247644
876,264.900761597457,22.649184142231338,-9.425247644
877,263.9104689755634,22.784767361438412,-9.425247644
878,262.9401030200981,23.024459244449602,-9.425247644
879,262.0005766913908,23.365564160821684,-9.425247644
880,261.1024561201842,23.80424596564496,-9.425247644
881,260.25584177848015,24.3355711417176,-9.425247644
882,260.14002022220757,24.418443106388345,-9.425247644
883,259.3071458491884,24.971359675807804,11.7490227
884,258.4302826080242,25.45147144432186,11.7490227
885,257.51577892648686,25.855302436725083,11.7490227
886,256.57025574647116,26.179928945229324,11.7490227
887,255.60055858884417,26.4230006969011,11.7490227
888,254.613707992359,26.582757869471166,11.7490227
889,253.61684868545146,26.658043832323152,11.7490227
890,252.61719785891208,26.64831352041731,11.7490227
891,251.6219929139357,26.553637380522794,11.7490227
892,250.6384390638497,26.374700861188046,11.7490227
893,249.7266701962635,26.129504630316177,11.7490227
894,248.76566329438663,25.853300122833897,-21.70937144
895,247.79295742190865,25.62163985205929,-21.70937144
896,246.81061610626372,25.435015269044193,-21.70937144
897,245.82072331580443,25.293822284780656,-21.70937144
898,244.82537903880862,25.198360430303488,-21.70937144
899,243.82669482850133,25.148832221256107,-21.70937144
900,242.82678932354236,25.145342728267813,-21.70937144
901,241.8277837534827,25.18789935405377,-21.70937144
902,240.83179743872435,25.276411817710667,-21.70937144
903,239.84094329453052,25.41069234624136,-21.70937144
904,238.86844922575696,25.588159801661696,-21.70937144
905,237.88854702760148,25.78763331236857,204.0946566
906,236.9076792377275,25.98230323354653,204.0946566
907,235.92586940371797,26.172164891776617,204.0946566
908,234.94314109577138,26.357213729071304,204.0946566
909,233.9595179061359,26.537445302983883,204.0946566
910,232.97502344854303,26.71285528671524,204.0946566
911,231.98968135764073,26.883439469217592,204.0946566
912,231.003515288426,27.049193755295562,204.0946566
913,230.01654891567694,27.210114165704653,204.0946566
914,229.02880593338446,27.366196837246633,204.0946566
915,228.04031005418352,27.517438022862308,204.0946566
916,227.0510850087837,27.663834091721526,204.0946566
917,226.06115454539966,27.805381529310267,204.0946566
918,225.07054242918088,27.94207693751511,204.0946566
919,224.0792724416413,28.07391703470475,204.0946566
920,223.08736838008824,28.200898655808714,204.0946566
921,222.09485405705112,28.323018752393523,204.0946566
922,221.10175329970994,28.440274392735745,204.0946566
923,220.10808994932307,28.55266276189232,204.0946566
924,219.1138878606551,28.660181161768293,204.0946566
925,218.1191709014039,28.76282701118157,204.0946566
926,217.1239629516279,28.8605978459247,204.0946566
927,216.12828790317266,28.95349131882429,204.0946566
928,215.13216965909731,29.041505199797086,204.0946566
929,214.13563213310067,29.124637375903802,204.0946566
930,213.13869924894735,29.202885851399543,204.0946566
931,212.14139493989316,29.276248747782006,204.0946566
932,211.1437431481107,29.34472430383633,204.0946566
933,210.14576782411459,29.408310875677557,204.0946566
934,209.14749292618637,29.46700693679,204.0946566
935,208.14894241979948,29.520811078063844,204.0946566
936,207.61109158659002,29.547758965992074,204.0946566
937,206.6115288170005,29.545437554205243,9.79160323
938,205.6174110048629,29.441221936887317,9.79160323
939,204.639097982527,29.23619815868055,9.79160323
940,203.6867848785512,28.93250279931825,9.79160323
941,202.7703958729283,28.533300708046628,9.79160323
942,201.89948077590157,28.04275202231493,9.79160323
943,201.08311550813744,27.465968814436444,9.79160323
944,200.32980751936367,26.808961818011156,9.79160323
945,199.6474071311177,26.07857778928111,9.79160323
946,199.0430257275145,25.282428156183908,9.79160323
947,198.8723481000315,25.023282576707256,9.79160323
948,198.41361156063252,24.1362057703046,5.59890536
949,198.21786624931534,23.573404380144044,5.59890536
950,197.89351388886965,22.62789076985863,-10.20738835
951,197.4782346018769,21.718636374897333,-10.20738835
952,196.97601096010513,20.854361039944887,-10.20738835
953,196.39165934077238,20.043353255799246,-10.20738835
954,195.7307837369856,19.293390671878495,-10.20738835
955,194.9997220148611,18.611665507749997,-10.20738835
956,194.20548513272612,18.004715578992993,-10.20738835
957,193.98217115336985,17.855074592910768,-10.20738835
958,193.13081411147868,17.330688793714035,-19.88553801
959,192.25417422917312,16.849760736798924,-19.88553801
960,191.35446794150306,16.413506367074326,-19.88553801
961,190.43397000300666,16.023028679618662,-19.88553801
962,189.49500773637982,15.679314930944162,-19.88553801
963,188.53995514823612,15.383234142886437,-19.88553801
964,187.57122692683419,15.135534905430383,-19.88553801
965,186.59127233694863,14.936843484027538,-19.88553801
966,185.60256902732002,14.787662236190268,-19.88553801
967,184.60761676634087,14.688368341366107,-19.88553801
968,183.60893112181586,14.63921284730359,-19.88553801
969,183.08911399763807,14.633512716076499,-19.88553801
970,182.08999484645074,14.670366029264013,-14.3831463
971,181.09584970633767,14.77653893235968,-14.3831463
972,180.1114821796461,14.951518409319922,-14.3831463
973,179.14164862434723,15.194458978139828,-14.3831463
974,178.19103517182637,15.504186776131208,-14.3831463
975,177.26423508400035,15.87920523190082,-14.3831463
976,176.36572655916996,16.317702296622294,-14.3831463
977,175.49985109384792,16.817559199661076,-14.3831463
978,174.67079250511463,17.3763606862462,-14.3831463
979,173.8825567148643,17.9914066877214,-14.3831463
980,173.13895239362145,18.659725367986372,-14.3831463
981,172.4435725574546,19.378087483089026,-14.3831463
982,171.79977720690943,20.143021984584802,-14.3831463
983,171.5256736697522,20.50426940004583,-14.3831463
984,170.93246483137588,21.30931740800594,291.7619662
985,170.33650021970274,22.112327496785383,291.7619662
986,169.73778683577498,22.91329023309339,291.7619662
987,169.1363317129257,23.71219620769034,291.7619662
988,168.99635299561592,23.897313597007468,291.7619662
989,168.3685251979943,24.67545931660178,16.09881556
990,167.69360371917725,25.413130992769947,16.09881556
991,166.9741918683673,26.107483276055298,16.09881556
992,166.21306456316668,26.755837908696552,16.09881556
993,165.4131576261564,27.355694055211856,16.09881556
994,164.57755646083257,27.904737948629126,16.09881556
995,163.7094841505784,28.4008518151551,16.09881556
996,162.81228902657716,28.842122042858932,16.09881556
997,161.88943175261886,29.226846562862,16.09881556
998,160.9444719766171,29.55354141456324,16.09881556
999,159.98105460032443,29.82094646957653,16.09881556
1000,159.00289572020583,30.02803029230175,16.09881556
1001,158.01376829370025,30.17399411838139,16.09881556
1002,157.24414304125602,30.244570833144287,16.09881556
1003,156.24624852612365,30.30941188079504,195.7306137
1004,155.24803575920095,30.369153798610483,195.7306137
1005,154.2495307963028,30.423795027179153,195.7306137
1006,153.2507597008711,30.473334140230293,195.7306137
1007,152.25174854329447,30.517769844670823,195.7306137
1008,151.25252340022774,30.557100980619367,195.7306137
1009,150.25311035391127,30.59132652143623,195.7306137
1010,149.2535354914902,30.620445573750374,195.7306137
1011,148.25382490433347,30.64445737748278,195.7306137
1012,147.25400468735273,30.66336130586612,195.7306137
1013,146.25410093832127,30.677156865461257,195.7306137
1014,145.25413975719275,30.685843696170025,195.7306137
1015,144.25414724541994,30.689421571244793,195.7306137
1016,143.25414950527346,30.687890397294154,195.7306137
1017,142.25417263916037,30.681250214285512,195.7306137
1018,141.2542427489429,30.669501195544058,195.7306137
1019,140.25438593525703,30.652643647748135,195.7306137
1020,139.25462829683133,30.630678010921315,195.7306137
1021,138.25499592980563,30.60360485842085,195.7306137
1022,137.25551492704983,30.571424896922878,195.7306137
1023,136.2562113774829,30.534138966403646,195.7306137
1024,135.25711136539184,30.491748040117926,195.7306137
1025,134.25824096975077,30.444253224573487,195.7306137
1026,133.25962626354033,30.391655759502072,195.7306137
1027,132.26129331306694,30.33395701782726,195.7306137
1028,131.2632681772826,30.271158505628478,195.7306137
1029,130.26557690710453,30.203261862101755,195.7306137
1030,129.26824554473524,30.130268859516946,195.7306137
1031,128.27130012298278,30.05218140317143,195.7306137
1032,127.27476666458115,29.969001531340353,195.7306137
1033,126.27867118151116,29.88073141522355,195.7306137
1034,125.28303967432132,29.787373358888658,195.7306137
1035,124.28789813144925,29.688929799211223,195.7306137
1036,123.29327252854334,29.585403305810928,195.7306137
1037,122.29918882778459,29.476796580984512,195.7306137
1038,121.42000006202593,29.37645634743393,195.7306137
1039,120.43342958924116,29.215295758525148,10.86315305
1040,119.4658508441978,28.964127676698407,10.86315305
1041,118.52545729593896,28.625078996445346,10.86315305
1042,118.02761734268111,28.4044714563882,10.86315305
1043,117.10740950328622,28.01374556126256,-12.2987712
1044,116.15850728837975,27.699049232476938,-12.2987712
1045,115.18718057086805,27.462461826528312,-12.2987712
1046,114.19984739359437,27.305546595080813,-12.2987712
1047,113.20303156211051,27.2293403557778,-12.2987712
1048,112.20331953862117,27.234346641467656,-12.2987712
1049,111.20731692192437,27.32053237310965,-12.2987712
1050,110.22160480090677,27.48732807834378,-12.2987712
1051,109.25269626998838,27.733631654280295,-12.2987712
1052,108.30699339384064,28.0578156496463,-12.2987712
1053,107.39074490573395,28.45773801817267,-12.2987712
1054,107.24467118933876,28.529897417752196,-12.2987712
1055,106.3365513273976,28.948151615663626,14.77376152
1056,105.40222199870274,29.30402654209586,14.77376152
1057,104.44596229888911,29.595892340426055,14.77376152
1058,103.47215176157697,29.822412306747704,14.77376152
1059,102.48525030072972,29.982549011784695,14.77376152
1060,101.48977778488145,30.075569052170056,14.77376152
1061,100.49029333678097,30.101046409329236,14.77376152
1062,99.49137445325698,30.058864400584653,14.77376152
1063,98.49759604093276,29.949216213545807,14.77376152
1064,97.51350946380354,29.77260402133745,14.77376152
1065,96.54362169863575,29.529836682718,14.77376152
1066,95.5923746936535,29.222026037621294,14.77376152
1067,94.66412502504656,28.850581815087594,14.77376152
1068,94.59890932982779,28.821700574952246,14.77376152
1069,93.6605895215899,28.478191505661787,-7.312502277
1070,92.68420056601624,28.265807064964815,-7.312502277
1071,91.68797360652142,28.188512897060058,-7.312502277
1072,90.6905102019088,28.247752239350135,-7.312502277
1073,89.71043499789613,28.4424189742997,-7.312502277
1074,88.76604796756224,28.768878282872073,-7.312502277
1075,88.11802475878129,29.082260077372947,-7.312502277
1076,87.24122525988831,29.56311490800212,-256.097042
1077,86.36631006802538,30.04738976430366,-256.097042
1078,85.49329252320636,30.53507726243805,-256.097042
1079,84.62218593651133,31.02616996653265,-256.097042
1080,83.75300358988353,31.520660388794823,-256.097042
1081,82.88575873592698,32.018540989626274,-256.097042
1082,82.02046459770432,32.519804177737996,-256.097042
1083,81.1571343685352,33.02444231026587,-256.097042
1084,80.99592899091175,33.11917279590406,-256.097042
1085,80.10479234488659,33.57149656067753,8.070782315
1086,79.16458606724575,33.910219848262805,8.070782315
1087,78.18972587326195,34.130149182944834,8.070782315
1088,77.19515880947313,34.22791249760996,8.070782315
1089,76.19613407805139,34.20201083597396,8.070782315
1090,75.20796922836969,34.05284133533331,8.070782315
1091,74.24581530063517,33.78269113745654,8.070782315
1092,73.32442452252445,33.39570232097687,8.070782315
1093,72.77145919714923,33.09462027268221,8.070782315
1094,71.9112531716893,32.584675649757884,-200.3860077
1095,71.04851305642867,32.07903010374062,-200.3860077
1096,70.18326033681004,31.577696227088012,-200.3860077
1097,69.31551656084919,31.08068650488113,-200.3860077
1098,68.44530333859853,30.588013314513375,-200.3860077
1099,67.57264234160893,30.09968892538248,-200.3860077
1100,66.69755530238987,29.615725498584737,-200.3860077
1101,65.8200640138684,29.136135086612285,-200.3860077
1102,64.9401903288463,28.66092963305286,-200.3860077
1103,64.05795615945591,28.190120972292448,-200.3860077
1104,63.173383476614404,27.72372082922044,-200.3860077
1105,62.28649430947668,27.261740818937824,-200.3860077
1106,61.397310744886695,26.80419244646771,-200.3860077
1107,60.505854926827496,26.35108710646898,-200.3860077
1108,59.61214905586962,25.902436082952477,-200.3860077
1109,59.33093440092479,25.76241557350525,-200.3860077
1110,58.41037115423522,25.373433246044065,-8.143205929
1111,57.44909261534548,25.10014308357425,-8.143205929
1112,56.46157691751308,24.946661199407536,-8.143205929
1113,55.462697360503576,24.91529923484422,-8.143205929
1114,54.467498398915204,25.006529542780775,-8.143205929
1115,53.49096905268411,25.21897807344703,-8.143205929
1116,52.54781715250933,25.549445069423147,-8.143205929
1117,51.65224782036162,25.992953258241894,-8.143205929
1118,51.106134004392516,26.335970138467847,-8.143205929
1119,50.28091817824088,26.90078765182443,2222.225797
1120,49.45544826817877,27.465233761481613,2222.225797
1121,48.629724441362896,28.029308353139413,2222.225797
1122,47.80374686500227,28.593011312573026,2222.225797
1123,46.97751570635637,29.15634252563291,2222.225797
1124,46.15103113273631,29.719301878245233,2222.225797
1125,45.324293311505244,30.281889256410523,2222.225797
1126,44.49730241007637,30.84410454620547,2222.225797
1127,43.67005859591541,31.405947633782034,2222.225797
1128,42.842562036538766,31.96741840536697,2222.225797
1129,42.014812899513345,32.52851674726344,2222.225797
1130,41.730261085729126,32.72127761407614,2222.225797
1131,40.870273357147155,33.23038330455603,8.22069146
1132,39.9548633769802,33.63137216425329,8.22069146
1133,38.9975600720202,33.918317942586484,8.22069146
1134,38.01251151429072,34.08697984197591,8.22069146
1135,37.01427582541241,34.13486519297415,8.22069146
1136,36.01760602080846,34.06126629365298,8.22069146
1137,35.037231973556885,33.86727086879416,8.22069146
1138,34.08764272026573,33.55574599430657,8.22069146
1139,33.182872326292056,33.131295724452364,8.22069146
1140,32.336292475022326,32.60019304811313,8.22069146
1141,31.56041484655562,31.970287179720508,8.22069146
1142,31.204518526152373,31.62310877572297,8.22069146
1143,30.50904519198815,30.904557410074887,-327.6188233
1144,29.811381846770104,30.188132200895723,-327.6188233
1145,29.11153499041626,29.47383982290205,-327.6188233
1146,28.409511143187615,28.76168693093956,-327.6188233
1147,27.70531684562772,28.05168015992092,-327.6188233
1148,26.99895865850138,27.343826124764036,-327.6188233
1149,26.29044316273388,26.638131420330495,-327.6188233
1150,25.579776959349317,25.934602621364064,-327.6188233
1151,25.348801691760144,25.706869615939524,-327.6188233
1152,24.58343066676477,25.064935266948698,-6.255918914
1153,23.725641165911625,24.553007843828127,-6.255918914
1154,22.797304437182675,24.184140072926986,-6.255918914
1155,21.82209048677942,23.96773705710782,-6.255918914
1156,20.824864559757348,23.90931647176571,-6.255918914
1157,19.83105314539178,24.01036787944252,-6.255918914
1158,18.865995672376208,24.2683147501224,-6.255918914
1159,17.97549502388729,24.66502723338298,-6.255918914
1160,17.09574373761116,25.14046048787381,305.1697551
1161,16.214439246982224,25.613008369021856,305.1697551
1162,15.33159101530073,26.082665802687217,305.1697551
1163,14.447208522443233,26.549427745766735,305.1697551
1164,13.561301264760985,27.01328918624884,305.1697551
1165,12.673878754977906,27.474245143267098,305.1697551
1166,11.784950522088465,27.932290667153353,305.1697551
1167,10.894526111255274,28.387420839491625,305.1697551
1168,10.002615083706687,28.839630773170057,305.1697551
1169,9.993526581283945,28.844219862903827,305.1697551
1170,9.071837420112246,29.229966462942066,7.022515234
1171,8.104732734804323,29.481004063547857,7.022515234
1172,7.111789884853698,29.592250843251282,7.022515234
1173,6.113109278649792,29.561454803657714,7.022515234
1174,5.58858016585576,29.487671229777693,7.022515234
1175,4.622047329283337,29.235119799456005,6.401259729
1176,3.7065774981264212,28.83526615451602,6.401259729
1177,2.864466814954876,28.29784867581011,6.401259729
1178,2.116224770319441,27.635956092553545,6.401259729
1179,1.480074696913535,26.865708708114028,6.401259729
1180,0.971509942797093,26.005865792227212,6.401259729
1181,0.6029165330229125,25.077368701547172,6.401259729
1182,0.38327150968996904,24.102830855768296,6.401259729
1183,0.3179242973104861,23.105986990880474,6.401259729
1184,0.3191273370839163,23.038782761765397,6.401259729
1185,0.34307651698736663,22.039069691731946,623.4639611
1186,0.36862914712571637,21.03939632072181,623.4639611
1187,0.39578516176152334,20.039765220523915,623.4639611
1188,0.4245444910321794,19.040178962818434,623.4639611
1189,0.454907060950859,18.040640119170185,623.4639611
1190,0.4868727934059507,17.041151261021994,623.4639611
1191,0.5204416061612847,16.041714959688115,623.4639611
1192,0.5556134128569283,15.042333786347577,623.4639611
1193,0.5923881230087318,14.043010312037577,623.4639611
1194,0.6307656420090098,13.043747107646897,623.4639611
1195,0.6707458711267691,12.044546743909251,623.4639611
1196,0.712328707507595,11.045411791396692,623.4639611
1197,0.7555140441743333,10.046344820512985,623.4639611
1198,0.8003017700269766,9.047348401487024,623.4639611
1199,0.84669176984346,8.048425104366181,623.4639611
1200,0.894683924279434,7.049577499009718,623.4639611
1201,0.9442781098689466,6.050808155082169,623.4639611
1202,0.9954741990245566,5.052119642046733,623.4639611
1203,1.0482720600376751,4.053514529158669,623.4639611
1204,1.0546153140327306,3.935546317401389,623.4639611
